Date,open,high,low,Close,adj_close,volume_shares
2021-01-04,63.0,70.386665,62.363335,68.919998,66.682274,176850483
2021-01-05,68.666664,73.743332,67.336662,73.300003,70.920067,163591791
2021-01-06,73.239998,74.059998,70.666664,72.099998,69.759026,130395642
2021-01-07,72.199997,76.106667,71.400002,75.013336,72.577766,128580762
2021-01-08,77.666664,78.106667,73.566666,75.836662,73.374359,128027508
2021-01-11,78.196663,81.666664,76.993332,78.286667,75.744827,160276398
2021-01-12,77.266663,79.916664,73.333336,78.996666,76.431763,129937374
2021-01-13,79.333336,83.293335,76.563332,79.766663,77.176758,144104361
2021-01-14,77.333336,78.48333,74.113335,74.650002,72.226242,133786506
2021-01-15,74.0,76.306664,72.166664,75.066666,72.629364,113115138
2021-01-18,73.333336,74.666664,72.086662,73.896667,71.49736,79136799
2021-01-19,74.019997,75.066666,71.186668,72.066666,69.726776,82875039
2021-01-20,73.300003,75.433334,72.669998,74.0,71.597328,114420324
2021-01-21,73.333336,79.866669,72.269997,78.506668,75.95768,175712961
2021-01-22,78.573334,81.220001,77.169998,80.973335,78.344261,127166034
2021-01-25,82.166664,87.650002,81.666664,86.666664,83.85273,167816682
2021-01-26,85.666664,87.529999,83.66333,84.739998,81.988617,118366632
2021-01-27,83.400002,86.480003,78.166664,85.666664,82.885208,156405300
2021-01-28,81.989998,84.166664,80.993332,81.453331,78.80867,97938525
2021-01-29,83.0,83.476669,79.166664,82.333336,79.660103,100794807
2021-02-01,81.666664,83.376663,79.666664,82.296669,79.624634,79138350
2021-02-02,84.0,89.333336,83.5,89.166664,86.271568,141329991
2021-02-03,89.366669,91.123337,86.766663,87.666664,84.820274,115208856
2021-02-04,86.0,88.296669,85.113335,86.633331,83.820488,93105270
2021-02-05,87.333336,89.426666,82.5,83.0,80.305107,144165153
2021-02-08,82.996666,84.326668,80.003334,83.400002,80.692139,111738531
2021-02-09,84.366669,86.339996,82.5,85.666664,82.885208,112486284
2021-02-10,87.0,90.220001,84.333336,88.98333,86.09417,125681613
2021-02-18,89.620003,89.620003,85.110001,86.330002,83.527008,141793674
2021-02-19,84.966667,85.886665,81.910004,85.783333,82.998077,114776106
2021-02-22,85.533333,85.553329,79.816666,79.839996,77.247719,128139279
2021-02-23,76.529999,78.339996,74.300003,75.0,72.564865,142953066
2021-02-24,75.0,76.196663,67.866669,69.66333,67.401474,202945554
2021-02-25,71.923332,71.949997,68.599998,69.75,67.485329,110859666
2021-02-26,65.5,68.0,64.666664,65.756668,63.621655,151084806
2021-03-01,67.0,70.330002,65.833336,70.300003,68.017471,133288053
2021-03-02,71.550003,71.933334,68.40667,70.466667,68.178726,116378505
2021-03-03,68.333336,70.099998,67.323334,69.916664,67.646591,78918540
2021-03-04,68.333336,68.366669,65.766663,66.166664,64.018341,104054973
2021-03-05,62.456665,66.503334,62.060001,65.456665,63.33139,97595727
2021-03-08,65.456665,65.776665,58.91,58.91,56.997288,177398469
2021-03-09,57.470001,59.533333,54.009998,56.893333,55.046097,179761485
2021-03-10,60.0,60.626667,58.593334,59.063332,57.145638,129452151
2021-03-11,58.983334,61.666664,58.033333,60.990002,59.009758,110348370
2021-03-12,62.056667,62.663334,59.633331,60.560001,58.593712,90554466
2021-03-15,59.516666,60.333332,57.333332,58.086666,56.200684,88680717
2021-03-16,59.193333,59.700001,57.790001,58.823334,56.913433,59116920
2021-03-17,58.006664,59.990002,57.16,58.959999,57.045662,64111584
2021-03-18,59.596664,60.209999,59.093334,59.516666,57.584255,60319311
2021-03-19,57.666664,58.456665,56.553333,57.049999,55.197674,77468166
2021-03-22,57.443333,58.493332,56.669998,57.933334,56.052334,55704873
2021-03-23,58.599998,58.726665,55.433334,56.323334,54.494602,67994691
2021-03-24,55.996666,56.413334,54.0,54.246666,52.485363,74480790
2021-03-25,52.333332,54.483334,51.866665,53.733334,51.988697,76857192
2021-03-26,54.336666,57.333332,54.299999,56.996666,55.146076,98559096
2021-03-29,56.669998,56.826668,54.933334,56.033333,54.214016,70418592
2021-03-30,53.666664,56.333332,53.033333,56.333332,54.50428,101679270
2021-03-31,56.403332,57.546665,54.186665,54.836666,53.056206,81045909
2021-04-01,56.0,57.299999,55.669998,56.356667,54.526855,89987340
2021-04-02,56.996666,59.400002,56.193333,58.623333,56.719929,104859600
2021-04-06,58.933334,59.746666,57.599998,58.696667,56.790878,76772955
2021-04-07,59.049999,59.360001,56.5,56.996666,55.146076,84511050
2021-04-08,56.333332,57.166664,55.706665,56.826668,54.981598,48012918
2021-04-09,57.299999,57.366665,55.333332,55.573334,53.768955,61498731
2021-04-12,55.576668,56.463333,54.200001,54.486668,52.717571,60380400
2021-04-13,54.493332,55.876667,54.493332,54.669998,52.894955,47028882
2021-04-14,55.666664,57.0,55.666664,56.983334,55.133175,88647435
2021-04-15,56.166664,56.216667,54.5,55.163334,53.372265,74249967
2021-04-16,55.133331,55.466667,53.443333,55.099998,53.310986,70379832
2021-04-19,55.0,59.0,54.726665,58.683334,56.777981,152205150
2021-04-20,58.333332,58.333332,56.593334,57.080002,55.226707,112703109
2021-04-21,56.333332,56.863335,55.723331,56.196667,54.372051,69146664
2021-04-22,56.666664,57.259998,55.740002,56.236668,54.410755,59252532
2021-04-23,55.726665,57.126667,55.423332,56.416664,54.584904,68648397
2021-04-26,56.666664,57.666664,55.75,55.833332,54.020508,95854230
2021-04-27,55.333332,55.799999,54.466667,54.98,53.194885,76691763
2021-04-28,54.953335,56.18,54.32,55.166664,53.375488,65523594
2021-04-29,54.333332,54.976665,54.066666,54.316666,52.553093,82756212
2021-04-30,53.830002,54.066666,52.236668,52.856667,51.140491,107969742
2021-05-06,52.333332,52.333332,50.0,50.0,48.376583,126947424
2021-05-07,49.373333,49.986668,47.796665,47.983334,46.425392,113394114
2021-05-10,47.983334,49.450001,47.146667,49.0,47.40905,78221625
2021-05-11,47.900002,49.586666,46.990002,48.853333,47.267139,80891988
2021-05-12,49.419998,51.666664,49.419998,51.243332,49.57954,115397742
2021-05-13,50.25,50.333332,49.52,49.663334,48.050846,63808827
2021-05-14,49.299999,51.366665,48.77,51.176666,49.515038,90083598
2021-05-17,51.810001,53.626667,51.483334,53.259998,51.530727,108900768
2021-05-18,53.333332,53.933334,52.293331,52.900002,51.182423,58485636
2021-05-19,53.299999,58.0,53.293331,57.593334,55.72337,178947261
2021-05-20,56.666664,59.186665,56.366665,57.646667,55.774971,149966544
2021-05-21,58.003334,59.330002,56.700001,57.733334,55.858829,100489653
2021-05-24,57.303333,58.5,56.66,57.823334,55.945904,81516861
2021-05-25,58.333332,59.333332,57.566666,58.84,56.929562,99456861
2021-05-26,59.333332,61.526665,58.666664,58.723331,56.816673,103673397
2021-05-27,59.666664,59.893333,58.166664,59.150002,57.229496,70207830
2021-05-28,59.150002,61.666664,58.689999,60.560001,58.593712,111358461
2021-05-31,58.419998,59.703335,56.726665,59.566666,57.632629,131265948
2021-06-01,59.576668,63.633331,59.576668,63.153332,61.10284,154081236
2021-06-02,63.333332,63.950001,61.733334,62.166664,60.148209,88304892
2021-06-03,62.200001,62.5,60.060001,61.299999,59.309685,75240171
2021-06-04,60.536667,64.0,60.173332,63.133331,61.083496,95954517
2021-06-07,63.666664,64.290001,62.333332,63.450001,61.389877,76355406
2021-06-08,64.666664,68.533333,64.416664,67.603333,65.408371,167771568
2021-06-09,67.633331,67.833336,65.673332,67.333336,65.147133,94966746
2021-06-10,67.349998,72.016663,67.0,71.370003,69.052719,132300096
2021-06-11,71.433334,76.650002,70.693336,75.673332,73.216339,162025533
2021-06-15,77.18,79.266663,74.956665,77.440002,74.925644,155430225
2021-06-16,75.333336,77.220001,70.220001,70.333336,68.049713,185452770
2021-06-17,70.32,77.366669,70.276665,77.366669,74.854706,155993274
2021-06-18,78.666664,84.106667,78.216667,81.666664,79.015076,171568803
2021-06-21,81.293335,83.186668,77.376663,80.860001,78.234612,129157905
2021-06-22,81.0,82.333336,78.666664,79.293335,76.718803,94928424
2021-06-23,77.666664,83.266663,77.5,81.099998,78.466805,118350180
2021-06-24,81.333336,83.956665,80.059998,81.629997,78.979599,93685512
2021-06-25,82.333336,82.886665,79.333336,81.66333,79.011848,88950708
2021-06-28,81.66333,85.0,81.173332,84.543335,81.79834,104181594
2021-06-29,85.800003,86.533333,83.333336,84.433334,81.691917,91877262
2021-06-30,83.333336,85.5,82.0,83.666664,80.95015,85622193
2021-07-01,83.666664,84.166664,78.533333,78.866669,76.306,126780861
2021-07-02,77.666664,81.166664,76.296669,79.68,77.092918,112278039
2021-07-05,78.68,83.333336,78.523331,83.183334,80.482506,97470348
2021-07-06,85.0,87.006668,80.333336,83.5,80.788895,155375010
2021-07-07,81.333336,86.199997,80.293335,85.029999,82.269211,115915968
2021-07-08,84.333336,87.18,83.706665,83.986664,81.259743,118172985
2021-07-09,83.626663,84.996666,80.626663,82.940002,80.24707,109484097
2021-07-12,84.433334,90.970001,83.833336,88.826668,85.942612,168017124
2021-07-13,88.830002,89.910004,86.739998,88.366669,85.497536,83194173
2021-07-14,87.0,87.0,81.666664,81.763336,79.108612,183815058
2021-07-15,79.666664,81.183334,76.666664,78.800003,76.241493,165569601
2021-07-16,78.583336,78.583336,73.676666,74.306664,71.894051,168822444
2021-07-19,73.333336,77.330002,71.433334,74.65667,72.232689,111656169
2021-07-20,73.333336,76.486664,73.036667,75.833336,73.371147,74024898
2021-07-21,77.066666,81.66333,76.669998,80.410004,77.799225,141453357
2021-07-22,82.099998,83.146667,80.056664,82.986664,80.292221,112431981
2021-07-23,82.480003,87.333336,81.693336,86.226669,83.427025,138168681
2021-07-26,83.526665,86.580002,80.336662,82.849998,80.159996,121328472
2021-07-27,82.0,85.959999,79.066666,79.57,76.986496,113312160
2021-07-28,76.66333,80.366669,74.66333,78.833336,76.27375,99659589
2021-07-29,82.313332,85.766663,80.940002,85.73333,82.949715,128655315
2021-07-30,85.730003,89.433334,84.043335,88.236664,85.371765,137398197
2021-08-02,92.0,97.059998,91.099998,97.059998,93.908623,186677709
2021-08-03,99.666664,99.666664,91.669998,93.360001,90.328751,146804559
2021-08-04,94.336662,102.696663,94.0,102.696663,99.362274,160291917
2021-08-05,100.333336,102.083336,98.290001,99.82,96.579002,110646873
2021-08-06,104.333336,105.766663,99.5,101.160004,97.923904,136087881
2021-08-09,98.333336,99.133331,94.333336,97.849998,94.71978,102486237
2021-08-10,97.853333,100.769997,94.0,97.333336,94.219643,99310548
2021-08-11,96.333336,99.610001,95.386665,98.330002,95.184425,79198185
2021-08-12,97.666664,104.459999,96.456665,102.993332,99.698578,114833694
2021-08-13,101.0,104.166664,99.330002,100.006668,96.807457,74071938
2021-08-16,99.0,99.0,95.0,95.133331,92.090019,91520103
2021-08-17,94.48333,96.833336,92.666664,93.436668,90.447639,81617520
2021-08-18,95.136665,96.029999,92.730003,94.553329,91.528564,66516906
2021-08-19,94.553329,99.559998,92.856667,97.90667,94.774635,108501537
2021-08-20,96.333336,97.866669,94.0,95.029999,91.98999,74151960
2021-08-23,93.833336,98.146667,91.849998,96.599998,93.509773,88748061
2021-08-24,97.596664,100.666664,96.683334,99.416664,96.23632,82319718
2021-08-25,99.266663,99.933334,97.0,98.73333,95.574852,53743614
2021-08-26,99.0,99.589996,94.166664,94.166664,91.154274,79104477
2021-08-27,93.66333,98.676666,93.333336,96.050003,92.977364,78866790
2021-08-30,92.480003,96.0,91.32,93.989998,90.983261,125727702
2021-08-31,95.626663,95.626663,88.849998,92.333336,89.379593,98900502
2021-09-01,92.333336,92.65667,85.866669,88.766663,85.927017,86302266
2021-09-02,89.003334,90.66333,87.566666,89.0,86.152901,49573329
2021-09-03,89.003334,90.333336,83.466667,84.703331,81.993675,86389239
2021-09-06,86.66333,93.0,86.333336,92.533333,89.573189,119336643
2021-09-07,92.533333,93.703331,91.089996,91.98333,89.040787,62290059
2021-09-08,92.633331,93.09333,89.536667,89.863335,86.988602,54773418
2021-09-09,90.666664,93.193336,88.599998,90.57,87.672668,64876923
2021-09-10,90.57,90.84333,87.546669,88.536667,85.704384,71627208
2021-09-13,89.443336,90.660004,86.393333,87.120003,84.333038,64047537
2021-09-14,87.129997,92.0,85.686668,89.743332,86.872452,106407000
2021-09-15,89.296669,90.0,86.666664,87.050003,84.265282,65642733
2021-09-16,87.050003,88.256668,83.510002,83.666664,80.990173,66242913
2021-09-17,84.333336,85.666664,83.496666,85.040001,82.319572,41826321
2021-09-22,82.666664,83.813332,81.34333,82.400002,79.764023,49023858
2021-09-23,84.610001,85.839996,82.959999,83.306664,80.641678,44935254
2021-09-24,83.653336,85.833336,82.333336,83.923332,81.238625,47480100
2021-09-27,84.666664,85.830002,82.266663,84.166664,81.474174,53997282
2021-09-28,83.966667,84.606667,82.096664,82.286667,79.65432,48733314
2021-09-29,81.0,81.626663,78.333336,78.666664,76.150116,73666443
2021-09-30,79.400002,83.23333,79.066666,83.169998,80.509384,67511403
2021-10-08,85.993332,86.660004,83.333336,84.333336,81.635521,58231185
2021-10-11,84.366669,87.699997,82.666664,85.25,82.522858,63591819
2021-10-12,85.0,87.633331,84.336662,85.669998,82.92942,63495402
2021-10-13,85.669998,91.199997,84.776665,90.400002,87.50811,96593430
2021-10-14,90.333336,91.996666,89.379997,90.980003,88.069557,53339796
2021-10-15,91.666664,95.833336,90.333336,94.443336,91.422089,86353515
2021-10-18,94.75,96.209999,93.346664,95.306664,92.257805,64864134
2021-10-19,96.0,98.303329,94.666664,94.93,91.893188,58157355
2021-10-20,95.333336,98.333336,95.080002,96.866669,93.767906,65113527
2021-10-21,97.0,97.533333,94.669998,95.669998,92.60952,54187725
2021-10-22,97.400002,100.333336,96.333336,100.0,96.80101,100964604
2021-10-25,101.036667,106.216667,100.743332,105.783333,102.39933,100556928
2021-10-26,107.436668,108.333336,105.919998,106.336662,102.934952,93973302
2021-10-27,107.266663,108.910004,105.949997,107.246666,103.815849,65720331
2021-10-28,106.536667,107.933334,101.800003,102.660004,99.375908,89480142
2021-10-29,101.709999,104.586662,97.923332,103.769997,100.450401,104147874
2021-11-01,100.470001,102.803329,97.940002,100.666664,97.446342,85435761
2021-11-02,103.333336,106.599998,102.546669,104.626663,101.279663,87026220
2021-11-03,104.376663,104.616669,99.953331,101.003334,97.772232,59174442
2021-11-04,103.709999,109.666664,103.010002,108.333336,104.867752,104989302
2021-11-05,108.0,109.0,104.336662,104.666664,101.318375,58254978
2021-11-08,102.696663,106.536667,102.333336,105.0,101.641052,50954841
2021-11-09,105.016663,109.989998,105.016663,106.896667,103.477051,60991512
2021-11-10,104.666664,105.199997,100.526665,103.419998,100.111595,82463550
2021-11-11,104.333336,105.66333,102.683334,103.996666,100.669807,41655450
2021-11-12,105.266663,105.580002,101.833336,102.260002,98.988708,44665146
2021-11-15,102.260002,102.260002,96.813332,98.313332,95.168297,67611672
2021-11-16,98.0,99.230003,96.0,97.836662,94.706863,45542544
2021-11-17,100.0,101.080002,98.0,98.949997,95.784592,49013325
2021-11-18,98.266663,99.626663,96.666664,98.466667,95.316719,38729166
2021-11-19,98.573334,100.0,96.0,98.940002,95.774918,52547592
2021-11-22,99.466667,103.836662,99.400002,103.666664,100.350365,86106135
2021-11-23,102.626663,103.243332,101.326668,102.826668,99.537247,45108771
2021-11-24,101.809998,103.199997,100.333336,101.066666,97.833542,42581451
2021-11-25,101.066666,101.496666,97.099998,99.333336,96.155663,51291432
2021-11-26,98.333336,101.589996,98.016663,99.220001,96.045952,36748179
2021-11-29,97.266663,102.356667,96.643333,101.486664,98.240105,60047025
2021-11-30,102.333336,102.666664,101.0,101.566666,98.317551,39536478
2021-12-01,101.73333,102.5,100.126663,101.773331,98.517609,32483592
2021-12-02,101.666664,104.686668,101.033333,102.933334,99.640495,54021633
2021-12-03,102.330002,103.266663,99.620003,102.300003,99.027428,63098145
2021-12-06,100.333336,103.836662,100.286667,100.583336,97.365685,53640258
2021-12-07,102.003334,102.116669,97.026665,98.266663,95.123116,68303580
2021-12-08,98.669998,100.333336,98.166664,100.263336,97.055916,46314528
2021-12-09,100.0,100.209999,99.010002,99.833336,96.639664,33887133
2021-12-10,98.66333,100.676666,97.599998,100.473335,97.259193,43461819
2021-12-13,100.996666,101.0,99.333336,99.466667,96.284729,42882372
2021-12-14,98.5,99.023331,97.230003,97.800003,94.671379,47133384
2021-12-15,97.803329,98.5,97.236664,97.783333,94.655243,29445108
2021-12-16,97.666664,97.830002,93.0,95.400002,92.34816,83599548
2021-12-17,94.666664,95.293335,92.870003,92.993332,90.018471,45335445
2021-12-20,93.076668,93.823334,89.426666,90.166664,87.282227,65353509
2021-12-21,90.166664,92.260002,89.803329,92.07,89.12468,44895915
2021-12-22,93.336662,95.059998,92.336662,93.073334,90.095924,43332690
2021-12-23,93.926666,94.073334,92.386665,93.330002,90.344376,36906402
2021-12-24,93.993332,94.0,88.32,90.0,87.120895,62990643
2021-12-27,89.666664,90.513336,88.666664,89.010002,86.162567,32156985
2021-12-28,89.383331,90.333336,88.736664,90.283333,87.395164,35562852
2021-12-29,90.716667,90.739998,87.666664,89.666664,86.798225,42480912
2021-12-30,89.333336,90.993332,88.666664,89.043335,86.194839,35198019
2021-12-31,91.0,91.396667,89.0,89.373337,86.514282,34887591
2022-01-04,92.0,93.150002,88.40667,90.333336,87.443573,73398267
2022-01-05,88.183334,88.826668,83.90667,84.419998,81.719406,90512673
2022-01-06,83.333336,84.84333,82.629997,83.339996,80.67395,52772352
2022-01-07,83.933334,84.32,81.666664,82.166664,79.538162,48580065
2022-01-10,81.666664,83.15667,79.676666,82.099998,79.473625,48642546
2022-01-11,82.09333,82.09333,79.266663,79.696663,77.147163,63732441
2022-01-12,82.0,85.333336,81.436668,85.333336,82.603523,97080672
2022-01-13,85.91333,86.186668,82.870003,85.103333,82.380867,65131170
2022-01-14,83.599998,85.766663,83.333336,84.379997,81.680687,44864445
2022-01-17,84.339996,89.16333,84.339996,88.830002,85.988327,72343398
2022-01-18,88.803329,89.653336,87.433334,88.693336,85.856033,37516329
2022-01-19,88.650002,89.293335,83.436668,84.323334,81.625832,69564540
2022-01-20,84.033333,84.57,82.333336,83.690002,81.012772,44995941
2022-01-21,83.693336,85.246666,82.110001,83.466667,80.796562,33718296
2022-01-24,82.026665,84.293335,81.423332,83.800003,81.119247,32513058
2022-01-25,82.666664,83.666664,80.0,80.103333,77.540825,51831669
2022-01-26,81.666664,83.793335,80.769997,83.16333,80.502937,52333752
2022-01-27,82.333336,83.099998,80.333336,80.423332,77.850594,39794889
2022-01-28,79.993332,80.666664,73.253334,75.599998,73.181549,97311933
2022-02-07,80.263336,83.09333,79.336662,81.466667,78.860542,75337359
2022-02-08,81.0,81.0,76.879997,78.989998,76.463112,59711859
2022-02-09,79.683334,82.133331,78.34333,81.726669,79.112236,59978592
2022-02-10,82.256668,82.666664,79.366669,80.040001,77.47953,43885380
2022-02-11,78.683334,80.040001,76.166664,76.730003,74.275406,59831778
2022-02-14,76.73333,78.333336,75.0,77.326668,74.852989,39959847
2022-02-15,77.393333,79.986664,77.393333,79.436668,76.895485,47557284
2022-02-16,80.666664,81.66333,80.129997,80.199997,77.634392,38617473
2022-02-17,80.746666,82.91333,79.666664,81.803329,79.18644,57319158
2022-02-18,80.333336,81.796669,80.0,80.986664,78.395897,29731398
2022-02-21,80.333336,81.933334,79.879997,80.629997,78.050652,32861412
2022-02-22,79.666664,79.666664,78.099998,79.150002,76.617996,37635633
2022-02-23,80.633331,84.173332,79.669998,84.0,81.312843,87344670
2022-02-24,82.703331,83.926666,80.526665,81.620003,79.00898,71465964
2022-02-25,83.300003,84.126663,82.610001,82.613335,79.970535,43804059
2022-02-28,82.300003,83.396667,82.0,83.199997,80.538429,35487270
2022-03-01,85.0,85.536667,83.083336,83.926666,81.241852,52955874
2022-03-02,83.0,83.120003,81.32,82.866669,80.215767,36372741
2022-03-03,83.173332,83.620003,81.333336,81.736664,79.12191,29890020
2022-03-04,79.103333,80.620003,76.666664,77.933334,75.440247,87511902
2022-03-07,75.629997,75.896667,73.339996,74.536667,72.152237,70838760
2022-03-08,73.693336,75.16333,70.0,72.063332,69.758034,87449802
2022-03-09,72.333336,74.533333,70.0,74.529999,72.145782,75340566
2022-03-10,77.636665,77.809998,76.333336,76.366669,73.923698,74502849
2022-03-11,74.0,77.263336,73.339996,76.616669,74.165703,55834812
2022-03-14,75.0,75.0,73.0,73.0,70.664734,45252183
2022-03-15,70.376663,74.0,69.809998,70.933334,68.664185,59461086
2022-03-16,73.666664,76.666664,71.400002,76.476669,74.03019,100129881
2022-03-17,80.126663,80.293335,78.220001,78.300003,75.795189,94753290
2022-03-18,78.300003,79.623337,77.349998,78.166664,75.666115,45164568
2022-03-21,80.0,82.956665,79.389999,81.793335,79.176773,83753304
2022-03-22,81.666664,82.466667,80.673332,81.599998,78.989609,34523721
2022-03-23,83.333336,83.666664,82.089996,82.389999,79.754341,44550288
2022-03-24,81.23333,83.333336,80.800003,82.360001,79.725311,34104381
2022-03-25,82.366669,82.986664,78.003334,78.436668,75.92749,62407119
2022-03-28,78.300003,78.300003,76.293335,76.800003,74.34317,42931062
2022-03-29,77.639999,78.833336,76.266663,77.0,74.536766,41576193
2022-03-30,75.666664,79.006668,74.073334,79.006668,76.479248,75377988
2022-03-31,78.07,78.333336,75.629997,76.599998,74.149567,48519429
2022-04-01,75.596664,79.853333,75.533333,78.653336,76.137222,54884415
2022-04-06,81.666664,82.0,79.870003,80.633331,78.053864,61587990
2022-04-07,80.0,81.766663,79.669998,80.0,77.440796,36809859
2022-04-08,80.003334,82.166664,79.699997,81.326668,78.725037,51515691
2022-04-11,80.0,80.493332,76.5,77.666664,75.182106,57921021
2022-04-12,77.333336,79.519997,77.066666,79.386665,76.847084,38666601
2022-04-13,78.339996,80.650002,77.669998,79.0,76.472786,32901753
2022-04-14,80.666664,81.66333,80.290001,80.43,77.857048,39491250
2022-04-15,79.5,80.0,77.583336,78.73333,76.214653,38771793
2022-04-18,78.263336,80.333336,76.666664,79.699997,77.150391,33177714
2022-04-19,81.053329,83.633331,81.043335,81.620003,79.00898,62334462
2022-04-20,82.553329,82.776665,80.286667,80.59333,78.015144,39234279
2022-04-21,79.256668,80.256668,77.366669,78.013336,75.517693,46214628
2022-04-22,76.669998,78.553329,76.353333,78.466667,75.956512,32007480
2022-04-25,76.666664,78.813332,75.540001,75.833336,73.407433,48566751
2022-04-26,76.330002,78.616669,76.143333,77.269997,74.798134,47452860
2022-04-27,75.536667,78.603333,72.936668,78.336662,75.830673,76302501
2022-04-28,78.199997,78.5,76.666664,77.326668,74.852989,43911639
2022-04-29,77.933334,81.276665,76.916664,81.0,78.408813,74448930
2022-05-05,82.066666,84.129997,80.589996,82.933334,80.280296,75977637
2022-05-06,80.339996,82.0,80.033333,80.693336,78.111961,43646598
2022-05-09,77.0,78.963333,77.0,77.576668,75.094986,52534905
2022-05-10,74.699997,77.886665,74.09333,77.776665,75.288589,62908992
2022-05-11,77.333336,85.553329,77.166664,84.23333,81.538712,137857713
2022-05-12,83.330002,85.900002,82.903336,84.696663,81.987221,72346818
2022-05-13,86.599998,90.5,85.303329,90.026665,87.146713,110136183
2022-05-16,90.370003,91.0,88.433334,89.040001,86.191612,60710640
2022-05-17,89.660004,95.0,89.5,94.166664,91.154274,88046709
2022-05-18,94.166664,96.0,93.0,93.806664,90.805779,61590810
2022-05-19,91.769997,95.116669,91.433334,94.836662,91.802841,52090953
2022-05-20,95.669998,97.203331,93.73333,95.900002,92.832169,53605008
2022-05-23,97.566666,99.333336,95.936668,98.400002,95.25219,76676448
2022-05-24,96.666664,97.653336,93.666664,93.666664,90.670273,87148959
2022-05-25,93.753334,96.216667,92.676666,95.73333,92.670822,69257319
2022-05-26,95.790001,97.073334,94.166664,95.546669,92.490128,42928497
2022-05-27,97.650002,99.203331,95.550003,96.293335,93.212914,45956055
2022-05-30,97.333336,99.900002,97.026665,99.373337,96.194389,65557050
2022-05-31,100.0,100.32,97.836662,98.636665,95.481277,53103357
2022-06-01,99.333336,101.599998,97.706665,99.993332,96.794548,65073525
2022-06-02,98.666664,101.666664,98.40667,100.339996,97.130127,53318331
2022-06-06,101.333336,106.823334,100.849998,106.076668,102.683281,88427187
2022-06-07,106.0,106.623337,103.703331,104.963333,101.605553,60066267
2022-06-08,106.199997,109.353333,104.336662,109.136665,105.645386,87154020
2022-06-09,111.34333,111.599998,107.0,107.470001,104.032036,92262516
2022-06-10,107.166664,116.666664,107.019997,116.266663,112.547287,131474700
2022-06-13,115.333336,119.620003,113.533333,116.266663,112.547287,108204396
2022-06-14,114.0,114.93,109.076668,114.529999,110.86618,121436802
2022-06-15,114.65667,115.410004,110.839996,111.666664,108.094444,91184361
2022-06-16,111.833336,114.23333,111.136665,112.0,108.417122,57051735
2022-06-17,110.033333,113.73333,109.023331,112.666664,109.062462,78644277
2022-06-20,112.693336,116.220001,111.673332,114.059998,110.411224,73624671
2022-06-21,113.253334,113.933334,110.73333,113.666664,110.030464,59348217
2022-06-22,114.139999,115.876663,112.666664,113.293335,109.669083,56036349
2022-06-23,114.900002,118.016663,112.666664,117.833336,114.06385,96942678
2022-06-24,117.66333,118.760002,115.336662,117.016663,113.2733,70795065
2022-06-27,117.356667,119.0,116.110001,116.563332,112.834473,65146572
2022-06-28,115.666664,119.599998,114.236664,117.633331,113.870239,80890413
2022-06-29,116.66333,116.666664,110.496666,110.536667,107.000603,108343806
2022-06-30,110.333336,113.116669,110.0,111.16333,107.607224,66043434
2022-07-01,110.726669,111.0,106.699997,109.73333,106.222961,70233789
2022-07-04,110.666664,112.736664,110.066666,112.053329,108.46875,62853618
2022-07-05,112.333336,113.533333,109.863335,111.296669,107.736282,52127109
2022-07-06,111.266663,113.533333,110.66333,112.033333,108.449394,55030260
2022-07-07,112.566666,117.316666,111.123337,116.459999,112.734444,91394622
2022-07-08,116.459999,117.293335,112.666664,112.666664,109.062462,57143271
2022-07-11,111.959999,111.959999,106.293335,108.099998,104.641876,76295232
2022-07-12,106.666664,107.0,100.026665,103.0,99.705032,135154407
2022-07-13,103.0,104.613335,98.923332,103.293335,99.988983,102320085
2022-07-14,102.970001,107.666664,102.333336,107.666664,104.222404,81746808
2022-07-15,111.666664,116.629997,111.0,112.730003,109.123779,133352352
2022-07-18,115.0,115.333336,109.333336,112.366669,108.772064,71673468
2022-07-19,112.366669,112.366669,109.206665,110.366669,106.836044,47454075
2022-07-20,110.993332,111.286667,109.693336,110.566666,107.029648,30979044
2022-07-21,109.666664,110.333336,107.646667,108.166664,104.706406,39600984
2022-07-22,108.669998,111.553329,108.666664,109.873337,106.35849,42532122
2022-07-25,108.666664,109.0,106.666664,107.650002,104.206284,34505130
2022-07-26,107.493332,109.226669,106.666664,108.333336,104.867752,32296848
2022-07-27,108.0,109.933334,107.003334,108.599998,105.125877,27316716
2022-07-28,109.673332,110.48333,108.0,108.476669,105.0065,32719551
2022-07-29,107.666664,109.266663,105.986664,106.786667,103.403931,34456092
2022-08-01,105.993332,110.693336,105.440002,110.18,106.689766,56275128
2022-08-02,108.300003,110.160004,107.099998,108.866669,105.418037,46992798
2022-08-03,108.900002,111.616669,106.296669,107.330002,103.930054,56616933
2022-08-04,109.333336,110.489998,107.366669,108.933334,105.482597,55991031
2022-08-05,110.0,110.629997,106.09333,108.16333,104.736977,47269155
2022-08-08,107.370003,108.300003,106.333336,107.116669,103.723473,38846358
2022-08-09,107.059998,107.933334,106.050003,106.573334,103.19735,34831983
2022-08-10,106.566666,106.566666,101.666664,102.783333,99.527412,77549703
2022-08-11,103.809998,105.296669,101.866669,105.006668,101.680313,49633443
2022-08-12,105.006668,105.426666,103.333336,103.976669,100.682945,30401289
2022-08-15,104.066666,106.410004,103.739998,105.07,101.741638,40535778
2022-08-16,105.266663,107.296669,105.166664,106.306664,102.939125,47172993
2022-08-17,106.66333,109.866669,105.573334,109.309998,105.847321,63261339
2022-08-18,109.0,110.0,107.946663,108.68,105.237282,42837132
2022-08-19,108.34333,109.146667,105.666664,106.463333,103.090836,37286769
2022-08-22,105.333336,108.696663,104.073334,107.696663,104.285095,44300295
2022-08-23,108.0,108.516663,106.326668,107.203331,103.807396,27899925
2022-08-24,107.226669,107.653336,103.099998,103.166664,99.89859,56034849
2022-08-25,103.186668,103.693336,100.886665,103.193336,99.924431,42066219
2022-08-26,104.330002,105.976669,103.333336,105.243332,101.90947,36637965
2022-08-29,104.556664,105.623337,103.830002,104.516663,101.205833,25773498
2022-08-30,105.166664,106.166664,103.333336,103.616669,100.334351,33074211
2022-08-31,97.0,98.866669,94.666664,95.993332,92.952499,122417922
2022-09-01,95.0,98.199997,94.676666,95.566666,92.539352,57774699
2022-09-02,96.23333,96.533333,92.699997,94.0,91.022308,48498576
2022-09-05,89.666664,90.293335,87.033333,89.586662,86.748772,105362481
2022-09-06,89.589996,91.48333,89.07,90.980003,88.097977,56970852
2022-09-07,90.666664,95.016663,90.199997,94.23333,91.248253,57261951
2022-09-08,94.333336,94.996666,92.333336,92.753334,89.815132,34928733
2022-09-09,93.66333,93.830002,92.330002,93.23333,90.27993,22829478
2022-09-13,94.0,95.563332,93.123337,94.933334,91.926071,33457233
2022-09-14,94.0,94.599998,92.086662,92.776665,89.837723,31545318
2022-09-15,93.333336,93.5,88.970001,89.833336,86.987633,45718569
2022-09-16,89.333336,90.48333,88.120003,88.660004,85.851471,31342908
2022-09-19,89.333336,91.300003,88.893333,90.116669,87.262001,33284997
2022-09-20,91.266663,92.496666,90.669998,91.403336,88.507904,33373506
2022-09-21,90.599998,90.870003,89.0,90.0,87.149017,25126089
2022-09-22,89.16333,89.793335,87.099998,89.516663,86.680992,27839850
2022-09-23,89.029999,89.923332,88.09333,88.800003,85.98703,23893236
2022-09-26,88.800003,92.0,87.860001,90.98333,88.101196,43081920
2022-09-27,90.986664,91.610001,90.019997,91.32,88.427208,24928779
2022-09-28,91.0,91.0,88.5,88.540001,85.735275,25686054
2022-09-29,90.0,90.599998,88.0,88.190002,85.396362,26507004
2022-09-30,87.666664,87.849998,83.0,84.003334,81.342316,64210764
2022-10-10,84.089996,85.466667,83.146667,83.73333,81.080864,35243550
2022-10-11,84.0,85.793335,83.110001,85.003334,82.310638,39846117
2022-10-12,84.666664,87.75,83.316666,87.446663,84.676575,43461429
2022-10-13,86.666664,87.666664,86.026665,86.059998,83.333832,28855980
2022-10-14,87.360001,89.699997,86.650002,88.18,85.386665,43708353
2022-10-17,87.666664,87.666664,85.563332,86.886665,84.134308,32903508
2022-10-18,93.0,93.0,90.833336,91.223335,88.333595,73242537
2022-10-19,91.223335,92.146667,88.959999,89.166664,86.342087,40201209
2022-10-20,88.0,88.526665,85.800003,87.836662,85.054214,38525034
2022-10-21,87.839996,90.293335,87.336662,88.766663,85.95475,31435662
2022-10-24,88.300003,88.769997,84.523331,85.190002,82.491402,50223768
2022-10-25,84.333336,86.863335,83.34333,85.970001,83.246681,33972801
2022-10-26,86.666664,88.013336,85.096664,85.956665,83.233772,37924581
2022-10-27,86.330002,86.90667,85.0,85.0,82.307404,29329746
2022-10-28,84.333336,84.333336,78.603333,79.963333,77.43029,78949179
2022-10-31,79.166664,83.666664,79.036667,82.223335,79.618706,56382699
2022-11-01,82.370003,87.400002,82.333336,87.273331,84.50872,65784813
2022-11-02,87.0,90.533333,86.120003,89.186668,86.36145,56195787
2022-11-03,88.339996,90.586662,88.033333,89.326668,86.497025,30715191
2022-11-04,89.660004,94.339996,89.333336,93.400002,90.441315,67466067
2022-11-07,91.666664,94.010002,90.996666,92.959999,90.015251,40752618
2022-11-08,93.150002,94.199997,91.166664,92.136665,89.218002,31690347
2022-11-09,92.716667,92.959999,89.546669,89.876663,87.029594,33583908
2022-11-10,88.209999,88.323334,85.266663,86.753334,84.005196,46649031
2022-11-11,90.166664,90.989998,88.386665,89.599998,86.761688,49829877
2022-11-14,89.743332,90.846664,87.586662,87.93,85.144592,34571091
2022-11-15,87.996666,89.433334,86.699997,89.0,86.180702,33854505
2022-11-16,88.59333,88.866669,86.699997,87.026665,84.269875,31064823
2022-11-17,86.636665,86.636665,84.526665,85.666664,82.952957,33378171
2022-11-18,85.923332,86.519997,84.5,84.893333,82.204124,30355128
2022-11-21,84.279999,84.866669,82.836662,84.73333,82.049187,24754521
2022-11-22,85.0,85.083336,83.333336,83.496666,80.851692,24043653
2022-11-23,83.496666,83.833336,82.400002,83.833336,81.177704,26540643
2022-11-24,84.449997,85.0,82.760002,83.129997,80.496651,25594218
2022-11-25,83.0,83.0,81.666664,81.683334,79.09581,26346492
2022-11-28,80.0,81.709999,79.073334,81.703331,79.115173,29732784
2022-11-29,82.09333,83.226669,81.0,82.766663,80.144821,37074234
2022-11-30,82.786667,86.666664,82.160004,86.506668,83.766342,63862014
2022-12-01,89.333336,90.316666,88.306664,88.886665,86.070953,77395755
2022-12-02,88.306664,89.190002,86.826668,87.360001,84.592651,34822614
2022-12-05,88.650002,89.196663,87.300003,87.786667,85.005798,31569927
2022-12-06,86.849998,90.543335,86.669998,89.199997,86.374367,36902037
2022-12-07,89.216667,92.760002,89.216667,91.246666,88.356194,57799779
2022-12-08,91.25,91.666664,90.290001,91.43,88.533722,28374195
2022-12-09,91.826668,92.566666,90.48333,91.566666,88.666061,30297696
2022-12-12,90.653336,91.15667,89.333336,89.959999,87.110283,24038463
2022-12-13,90.666664,91.666664,89.833336,89.933334,87.084465,18415299
2022-12-14,89.803329,89.813332,87.866669,88.800003,85.98703,28309386
2022-12-15,88.776665,90.760002,87.836662,90.486664,87.620262,29137035
2022-12-16,90.023331,90.456665,89.183334,90.169998,87.313629,16858992
2022-12-19,89.66333,91.666664,88.536667,88.833336,86.019302,25211673
2022-12-20,88.633331,88.633331,86.226669,87.199997,84.437714,25472463
2022-12-21,87.193336,87.616669,86.533333,86.933334,84.179497,12589890
2022-12-22,87.666664,87.833336,86.169998,86.396667,83.659828,17762985
2022-12-23,85.366669,85.466667,83.5,84.059998,81.397179,27245604
2022-12-26,84.066666,87.833336,84.063332,87.473335,84.702393,28064259
2022-12-27,87.82,87.993332,86.599998,87.373337,84.60556,16660962
2022-12-28,85.833336,86.400002,84.333336,84.873337,82.184753,30769134
2022-12-29,84.66333,86.286667,84.043335,84.919998,82.229942,21676731
2022-12-30,86.166664,86.790001,85.503334,85.65667,82.943275,22466919
2023-01-03,85.470001,87.306664,83.333336,86.826668,84.076218,36412290
2023-01-04,86.666664,86.826668,85.5,86.366669,83.630783,21802377
2023-01-05,87.506668,89.196663,87.019997,88.360001,85.560974,35680800
2023-01-06,89.303329,90.400002,88.366669,88.73333,85.922478,41656569
2023-01-09,89.333336,89.333336,87.43,87.793335,85.01226,34250646
2023-01-10,87.349998,89.860001,85.769997,88.863335,86.048363,52053762
2023-01-11,88.300003,90.333336,87.136665,89.66333,86.823006,38509125
2023-01-12,90.503334,94.816666,90.23333,92.433334,89.505272,67043757
2023-01-13,92.470001,93.309998,91.666664,92.860001,89.918419,38523303
2023-01-16,92.860001,92.923332,90.666664,91.266663,88.375557,49499967
2023-01-17,91.269997,91.5,89.643333,89.996666,87.14579,33499713
2023-01-18,89.949997,90.833336,88.830002,89.666664,86.826241,25832451
2023-01-19,89.293335,90.283333,88.839996,90.166664,87.310402,24371589
2023-01-20,90.333336,90.626663,89.006668,90.023331,87.171608,31394805
2023-01-30,95.0,96.0,93.666664,93.996666,91.019089,84556323
2023-01-31,95.0,96.266663,93.463333,95.266663,92.248848,56133051
2023-02-01,95.993332,101.443336,95.379997,101.443336,98.229866,81896091
2023-02-02,101.956665,102.043335,99.986664,100.873337,97.677917,44408979
2023-02-03,99.98333,99.98333,97.599998,98.333336,95.218376,45884484
2023-02-06,97.230003,97.230003,95.870003,96.660004,93.598053,30133980
2023-02-07,97.330002,97.493332,95.866669,96.333336,93.281731,23050422
2023-02-08,96.333336,96.333336,94.266663,95.220001,92.203667,27870432
2023-02-09,94.666664,96.273331,94.099998,96.110001,93.065468,27194667
2023-02-10,95.293335,95.300003,93.333336,93.953331,90.977112,38912433
2023-02-13,93.003334,94.43,92.353333,94.106667,91.125603,28038432
2023-02-14,94.666664,94.833336,93.033333,93.989998,91.012627,22093104
2023-02-15,94.333336,94.633331,92.853333,93.0,90.053986,27249648
2023-02-16,93.333336,93.93,91.616669,92.339996,89.414886,31004445
2023-02-17,92.16333,92.699997,90.426666,90.553329,87.684822,30298950
2023-02-20,90.529999,91.099998,89.0,90.933334,88.052788,39210444
2023-02-21,90.666664,92.186668,90.09333,91.583336,88.682198,34107018
2023-02-22,90.633331,90.873337,89.633331,90.139999,87.284584,25526388
2023-02-23,89.966667,90.556664,89.5,90.146667,87.291039,30107463
2023-02-24,89.673332,89.959999,89.0,89.193336,86.367912,20060283
2023-02-27,88.333336,88.629997,86.0,86.603333,83.859947,50911143
2023-02-28,87.0,87.333336,85.856667,86.933334,84.179497,36099009
2023-03-01,86.916664,88.846664,85.919998,88.5,85.696533,43097283
2023-03-02,88.706665,89.376663,87.333336,87.903336,85.118774,34471488
2023-03-03,88.330002,88.410004,87.360001,87.93,85.144592,19194483
2023-03-06,88.0,88.209999,86.0,88.089996,85.299522,33637341
2023-03-07,88.059998,88.996666,86.833336,86.893333,84.14077,31779864
2023-03-08,86.166664,86.596664,85.0,85.66333,82.949722,36269280
2023-03-09,85.5,86.610001,84.669998,85.356667,82.652779,29019429
2023-03-10,84.0,84.333336,80.766663,81.046669,78.479309,85039224
2023-03-13,80.573334,80.98333,79.0,80.16333,77.623955,50203023
2023-03-14,80.0,80.833336,77.676666,79.993332,77.459335,59570448
2023-03-15,80.5,80.826668,79.136665,79.540001,77.020363,36214377
2023-03-16,78.333336,79.873337,78.0,78.263336,75.784142,35511075
2023-03-17,78.926666,80.326668,78.510002,79.303329,76.791191,40500786
2023-03-20,79.303329,79.786667,78.199997,78.523331,76.035904,25896999
2023-03-21,78.963333,79.836662,78.263336,79.836662,77.307632,32661807
2023-03-22,80.73333,82.526665,80.693336,81.066666,78.498672,46601796
2023-03-23,80.996666,81.833336,79.833336,81.830002,79.237823,29238312
2023-03-24,81.833336,82.543335,81.16333,82.006668,79.408897,24305478
2023-03-27,81.996666,81.996666,80.099998,81.216667,78.643929,27748608
2023-03-28,81.5,81.889999,80.800003,81.669998,79.082886,24553512
2023-03-29,82.183334,83.416664,82.183334,82.566666,79.951149,43290786
2023-03-30,83.333336,85.73333,83.333336,85.73333,83.017517,62780166
2023-03-31,86.323334,86.953331,85.0,85.339996,82.636635,50102283
2023-04-03,85.333336,86.080002,84.086662,85.306664,82.604355,40107375
2023-04-04,85.269997,85.269997,82.66333,83.639999,80.990494,41323299
2023-04-06,82.666664,83.626663,81.893333,83.333336,80.693535,24582681
2023-04-07,83.349998,84.043335,82.776665,83.09333,80.461136,20616873
2023-04-10,83.09333,83.73333,82.0,83.666664,81.016312,29417373
2023-04-11,84.050003,84.830002,82.866669,83.276665,80.638664,26236536
2023-04-12,82.933334,82.933334,81.110001,81.133331,78.563232,33698910
2023-04-13,80.193336,81.0,79.256668,80.940002,78.376022,24289392
2023-04-14,81.133331,82.489998,80.996666,82.019997,79.421806,31651932
2023-04-17,81.666664,83.226669,81.403336,83.146667,80.512794,27118155
2023-04-18,83.466667,84.059998,82.813332,83.0,80.370758,23529660
2023-04-19,83.0,84.400002,82.029999,83.616669,80.967896,33578241
2023-04-20,83.309998,83.309998,81.666664,81.673332,79.086128,30092490
2023-04-21,81.5,82.98333,81.0,81.0,78.43412,31215744
2023-04-24,81.366669,86.199997,81.059998,84.496666,81.820015,80105202
2023-04-25,83.666664,83.933334,80.73333,81.433334,78.853722,56225619
2023-04-26,81.0,84.846664,80.333336,83.666664,81.016312,52347612
2023-04-27,83.333336,86.330002,83.183334,86.306664,83.572685,72739314
2023-04-28,87.15667,87.65667,84.666664,85.286667,82.584991,57583440
2023-05-04,85.0,85.870003,83.800003,84.173332,81.506927,35437281
2023-05-05,84.183334,84.599998,82.650002,83.356667,80.716125,30731877
2023-05-08,84.333336,86.366669,84.173332,84.676666,81.994316,36487860
2023-05-09,83.346664,84.453331,83.0,83.370003,80.72905,26965449
2023-05-10,83.666664,87.393333,83.066666,86.596664,83.853493,76107267
2023-05-11,86.923332,89.933334,86.226669,87.916664,85.131676,64271061
2023-05-12,88.666664,89.416664,86.506668,86.699997,83.95356,31372059
2023-05-15,86.699997,88.849998,86.23333,88.300003,85.502876,41077881
2023-05-16,88.129997,89.139999,87.73333,88.376663,85.57711,24491793
2023-05-17,88.330002,88.599998,86.336662,87.0,84.244049,26866815
2023-05-18,87.433334,87.959999,85.519997,86.360001,83.624329,30208995
2023-05-19,86.059998,86.973335,85.433334,86.393333,83.656609,18031746
2023-05-22,86.973335,88.666664,85.693336,88.366669,85.567429,36049563
2023-05-23,88.346664,88.959999,87.643333,87.643333,84.867012,27185820
2023-05-24,87.199997,88.333336,86.506668,87.303329,84.537773,20427885
2023-05-25,87.32,87.949997,85.046669,85.199997,82.501068,39623685
2023-05-26,84.333336,84.333336,80.933334,82.330002,79.721992,55744020
2023-05-29,83.333336,83.516663,80.666664,81.643333,79.057068,37416873
2023-05-30,81.98333,85.0,81.943336,84.066666,81.403633,50064174
2023-05-31,84.066666,84.966667,83.216667,84.553329,81.874886,35514351
2023-06-01,84.553329,85.959999,84.410004,85.150002,82.452652,26020713
2023-06-02,85.959999,86.529999,85.199997,86.353333,83.617867,33203925
2023-06-05,86.333336,86.353333,83.889999,86.106667,83.379021,31438356
2023-06-06,85.98333,88.333336,85.393333,86.959999,84.205322,38694333
2023-06-07,87.333336,87.813332,85.166664,85.516663,82.807709,30147084
2023-06-08,85.396667,86.279999,84.823334,85.0,82.307404,19336278
2023-06-09,86.266663,86.366669,84.166664,86.0,83.275726,32245203
2023-06-12,85.5,87.666664,85.166664,86.836662,84.085884,30867363
2023-06-13,86.833336,87.333336,85.709999,87.073334,84.315071,24453441
2023-06-14,87.559998,88.463333,87.166664,87.666664,84.889603,37732800
2023-06-15,87.833336,91.669998,87.763336,90.626663,87.755829,73188321
2023-06-16,91.286667,91.953331,90.0,90.360001,87.497627,45689046
2023-06-19,90.360001,91.66333,89.293335,89.736664,86.894028,37069425
2023-06-20,89.669998,89.73333,88.300003,89.416664,86.584167,30709848
2023-06-21,89.003334,91.09333,88.75,89.260002,86.432465,32343528
2023-06-26,87.476669,89.563332,87.433334,87.629997,84.854088,30453666
2023-06-27,87.339996,87.949997,85.693336,86.683334,83.937424,29708595
2023-06-28,86.666664,87.5,86.033333,86.75,84.001968,17180853
2023-06-29,86.75,86.926666,85.076668,85.23333,82.533348,25045515
2023-06-30,84.709999,86.666664,84.566666,86.089996,83.362877,22717308
2023-07-03,86.293335,89.756668,86.293335,89.160004,86.335625,48769518
2023-07-04,89.5,91.666664,88.836662,90.5,87.633179,47136006
2023-07-05,90.503334,90.826668,88.563332,89.0,86.180702,27909939
2023-07-06,89.0,90.666664,88.933334,89.366669,86.535751,25113555
2023-07-07,89.0,89.220001,88.036667,88.133331,85.341484,18657450
2023-07-10,89.0,89.833336,87.583336,87.849998,85.067116,20663286
2023-07-11,88.333336,90.230003,87.933334,89.776665,86.932762,30721560
2023-07-12,90.166664,90.383331,88.220001,88.536667,85.73204,26109585
2023-07-13,89.166664,89.833336,88.336662,89.276665,86.448601,24825903
2023-07-14,89.266663,89.266663,87.833336,88.136665,85.344711,30816609
2023-07-17,89.0,89.0,87.449997,88.16333,85.370529,23677989
2023-07-18,88.416664,89.190002,86.833336,88.493332,85.690079,29536944
2023-07-19,88.496666,88.633331,87.580002,88.276665,85.480278,15075000
2023-07-20,88.5,89.833336,88.0,88.316666,85.519005,27381153
2023-07-21,88.0,88.266663,87.183334,88.106667,85.315666,22586109
2023-07-24,87.003334,87.589996,85.830002,85.833336,83.114342,28785111
2023-07-25,87.559998,88.996666,87.550003,88.196663,85.402802,52164852
2023-07-26,87.919998,87.919998,86.866669,87.363335,84.595871,19759464
2023-07-27,88.166664,88.589996,86.933334,87.209999,84.447395,33795207
2023-07-28,86.666664,89.216667,86.073334,89.0,86.558525,51992475
2023-07-31,90.0,92.193336,89.959999,90.666664,88.179474,64518048
2023-08-01,90.586662,90.919998,88.833336,89.5,87.044807,36101979
2023-08-02,90.23333,90.666664,88.786667,89.333336,86.882706,26218053
2023-08-03,89.09333,89.493332,88.503334,89.410004,86.957275,19850964
2023-08-04,89.66333,90.023331,88.883331,89.433334,86.979965,26415945
2023-08-07,89.309998,89.309998,88.396667,88.996666,86.555283,19261140
2023-08-08,88.400002,88.833336,87.503334,87.766663,85.359024,27513564
2023-08-09,87.333336,87.833336,86.743332,87.633331,85.229347,21749811
2023-08-10,87.666664,88.290001,86.91333,87.566666,85.164505,18004830
2023-08-11,87.563332,87.566666,86.336662,86.416664,84.046051,25837584
2023-08-14,85.0,85.66333,81.16333,81.940002,79.6922,75867105
2023-08-15,81.940002,82.043335,80.633331,81.513336,79.277237,34506387
2023-08-16,81.09333,81.833336,80.736664,81.400002,79.167,23993808
2023-08-17,81.123337,82.113335,80.133331,82.003334,79.753792,26050665
2023-08-18,81.853333,81.853333,80.0,80.096664,77.899429,29539950
2023-08-21,79.933334,79.959999,78.016663,78.136665,75.993187,38363760
2023-08-22,79.323334,79.5,76.966667,78.18,76.035339,33634767
2023-08-23,78.18,78.18,76.676666,76.696663,74.592697,24371265
2023-08-24,77.003334,79.0,77.003334,78.300003,76.152054,32043177
2023-08-25,77.760002,78.110001,77.166664,77.533333,75.40641,20032578
2023-08-28,82.666664,82.666664,78.083336,78.510002,76.356285,40058208
2023-08-29,78.936668,82.5,78.936668,82.236664,79.980713,63967038
2023-08-30,83.110001,83.823334,82.613335,83.266663,80.98246,45656205
2023-08-31,83.503334,83.66333,82.666664,83.133331,80.852791,26620188
2023-09-01,84.333336,84.823334,82.666664,83.040001,80.762024,23331549
2023-09-04,83.866669,84.333336,82.959999,84.150002,81.841568,28953480
2023-09-05,84.066666,84.066666,82.896667,83.010002,80.732841,22371150
2023-09-06,83.333336,84.099998,83.099998,83.48333,81.193184,19778568
2023-09-07,83.473335,83.473335,82.703331,82.800003,80.52861,18273906
2023-09-08,82.336662,82.336662,80.896667,81.349998,79.118385,20290320
2023-09-11,81.23333,82.833336,80.73333,82.336662,80.07798,22954032
2023-09-12,82.900002,84.456665,82.366669,83.996666,81.692444,35859720
2023-09-13,84.0,84.760002,83.466667,83.849998,81.549797,27443691
2023-09-14,82.266663,82.316666,80.666664,81.209999,78.982216,45774075
2023-09-15,81.333336,82.279999,80.503334,81.43,79.196182,24676785
2023-09-18,81.5,83.73333,81.43,82.459999,80.197929,28921566
2023-09-19,82.0,82.760002,81.266663,82.389999,80.129845,18719079
2023-09-20,81.666664,82.09333,81.333336,81.333336,79.10218,16349130
2023-09-21,81.0,81.290001,79.516663,79.893333,77.701675,27889386
2023-09-22,79.839996,81.886665,79.5,81.683334,79.442574,29029188
2023-09-25,82.276665,82.326668,81.449997,81.933334,79.685707,19436040
2023-09-26,81.666664,81.666664,79.433334,79.5,77.319122,35538789
2023-09-27,79.703331,80.739998,79.263336,79.276665,77.101921,22720101
2023-09-28,79.599998,79.833336,78.683334,78.900002,76.735596,25577304
2023-10-09,78.900002,79.503334,76.553329,79.323334,77.147301,27537213
2023-10-10,79.32,80.006668,79.0,79.303329,77.127853,19180983
2023-10-11,80.653336,80.833336,79.333336,79.529999,77.348305,23005119
2023-10-12,80.133331,81.833336,79.666664,81.48333,79.248055,41802282
2023-10-13,80.633331,80.923332,79.933334,80.120003,77.922119,19933569
2023-10-16,80.133331,80.360001,78.833336,79.169998,76.998177,19806663
2023-10-17,79.173332,79.996666,78.833336,79.333336,77.157043,14749077
2023-10-18,81.866669,83.666664,81.333336,83.023331,80.745804,92358852
2023-10-19,82.316666,82.65667,80.113335,80.199997,77.999924,44325984
2023-10-20,80.0,80.599998,79.403336,79.73333,77.546066,25697583
2023-10-23,80.0,80.0,78.73333,79.550003,77.36776,22061049
2023-10-24,79.766663,80.166664,78.223335,78.516663,76.362762,33233676
2023-10-25,79.323334,80.003334,78.739998,79.133331,76.962517,25102719
2023-10-26,78.686668,79.599998,78.566666,79.536667,77.354797,21959805
2023-10-27,79.333336,81.166664,79.173332,80.650002,78.437584,30961668
2023-10-30,79.836662,81.66333,79.566666,81.533333,79.296677,35188641
2023-10-31,81.166664,81.330002,79.166664,79.513336,77.332108,38161425
2023-11-01,79.333336,79.333336,78.473335,78.73333,76.573494,28017126
2023-11-02,79.286667,79.293335,78.266663,78.266663,76.119621,25624248
2023-11-03,78.503334,79.716667,78.293335,79.550003,77.36776,27203826
2023-11-06,80.169998,81.143333,80.0,80.966667,78.74556,43064358
2023-11-07,81.0,81.433334,80.169998,80.323334,78.119873,28353879
2023-11-08,80.120003,80.286667,79.726669,80.0,77.805405,24038442
2023-11-09,80.0,80.25,79.446663,79.766663,77.578476,21954822
2023-11-10,79.666664,79.666664,78.553329,78.986664,76.819878,24570570
2023-11-13,79.293335,79.393333,78.366669,79.040001,76.87175,20921538
2023-11-14,79.099998,79.400002,78.866669,79.209999,77.037079,16564965
2023-11-15,79.966667,80.0,79.433334,79.546669,77.364517,23607501
2023-11-16,79.933334,79.933334,79.073334,79.433334,77.254288,18507021
2023-11-17,79.0,79.529999,78.666664,78.919998,76.755043,17838687
2023-11-20,78.599998,78.833336,78.193336,78.333336,76.184471,23031282
2023-11-21,78.563332,78.893333,77.886665,78.066666,75.925117,24715902
2023-11-22,77.833336,77.833336,76.626663,76.666664,74.563515,31671324
2023-11-23,76.833336,77.09333,75.706665,76.276665,74.184212,31729182
2023-11-24,76.266663,76.266663,71.800003,72.283333,70.300438,84197844
2023-11-27,70.666664,70.666664,68.333336,69.633331,67.723122,64644261
2023-11-28,69.639999,70.589996,69.003334,69.970001,68.05056,36663429
2023-11-29,69.959999,69.966667,67.129997,67.326668,65.479744,65773890
2023-11-30,67.199997,67.576668,66.150002,66.383331,64.562286,56172645
2023-12-01,66.826668,66.940002,64.269997,65.683334,63.881489,58256955
2023-12-04,65.683334,66.43,64.533333,65.463333,63.667522,35283945
2023-12-05,65.666664,66.653336,65.203331,65.446663,63.651302,45711741
2023-12-06,65.449997,67.080002,65.333336,67.063332,65.223633,52904211
2023-12-07,67.063332,67.066666,65.766663,66.48333,64.659538,30950772
2023-12-08,66.34333,66.786667,66.106667,66.183334,64.367767,23310057
2023-12-11,65.583336,66.526665,64.879997,66.396667,64.575249,30325905
2023-12-12,66.059998,66.243332,65.373337,65.443336,63.648075,23939163
2023-12-13,65.273331,65.273331,63.906666,63.933334,62.179497,35260476
2023-12-14,64.333336,65.393333,63.703335,63.726665,61.978497,27749010
2023-12-15,64.360001,64.796669,63.693333,64.426666,62.659294,30552402
2023-12-18,63.686665,64.166664,62.77,63.02,61.291214,30153441
2023-12-19,62.843334,62.893333,62.053333,62.666664,60.947575,23810916
2023-12-20,62.776665,63.110001,61.623333,61.626667,59.936104,25477446
2023-12-21,61.110001,63.326668,60.950001,63.226665,61.492214,39944829
2023-12-22,63.299999,65.126663,62.68,64.083336,62.325378,35399298
2023-12-25,64.333336,64.73333,63.403332,64.059998,62.302681,16130958
2023-12-26,64.053329,64.053329,63.333332,63.916664,62.163284,12414099
2023-12-27,64.333336,64.5,63.566666,63.816666,62.066025,18409206
2023-12-28,63.676666,66.220001,63.553333,66.016663,64.205673,41633340
2023-12-29,66.323334,66.599998,65.716667,66.0,64.189468,24110187
2024-01-02,66.536667,66.540001,64.123337,64.199997,62.438839,34178496
2024-01-03,64.166664,64.623337,63.566666,64.389999,62.623631,25345788
2024-01-04,64.779999,64.883331,63.700001,64.339996,62.574997,26961108
2024-01-05,64.15667,65.833336,63.709999,64.226669,62.464783,33720564
2024-01-08,64.266663,64.553329,63.049999,63.133331,61.401436,24323517
2024-01-09,63.666664,65.333336,63.400002,64.286667,62.523136,33655953
2024-01-10,63.900002,64.433334,63.200001,63.43,61.689968,21424869
2024-01-11,63.400002,66.23333,62.936665,65.59333,63.793957,47958522
2024-01-12,65.59333,66.083336,65.096664,65.290001,63.498947,26106792
2024-01-15,64.90667,65.666664,64.139999,64.870003,63.090469,21065979
2024-01-16,64.633331,65.516663,64.356667,65.099998,63.314148,25142580
2024-01-17,64.73333,64.849998,62.266666,62.266666,60.558544,48238413
2024-01-18,61.883331,63.666664,61.636665,63.493332,61.75156,34377495
2024-01-19,63.163334,64.32,62.900002,63.113335,61.381989,24271548
2024-01-22,62.956665,63.766666,61.52,61.779999,60.085228,39671919
2024-01-23,61.666664,62.986668,61.433334,62.616665,60.898945,33217686
2024-01-24,63.093334,63.283333,61.360001,62.900002,61.174507,28992363
2024-01-25,62.959999,63.633331,61.886665,63.299999,61.563534,39230724
2024-01-26,63.0,63.0,61.833332,61.953335,60.253811,34756392
2024-01-29,61.966667,62.0,59.436665,59.48,57.848328,43812756
2024-01-30,57.693333,58.493332,56.766666,57.323334,55.75082,57228354
2024-01-31,57.029999,58.426666,56.773335,56.91,55.348824,37610523
2024-02-01,56.666664,57.666664,56.119999,56.963333,55.400696,34995222
2024-02-02,56.986668,57.293331,54.336666,55.666664,54.139599,44397513
2024-02-05,55.0,57.259998,54.256664,56.0,54.463791,55864860
2024-02-06,55.333332,58.703335,55.166664,58.623333,57.01516,52856925
2024-02-07,59.083332,61.0,58.700001,59.853333,58.211414,48028110
2024-02-08,60.496666,61.116665,60.233334,60.389999,58.733356,35773698
2024-02-19,61.293331,61.783333,60.613335,61.166664,59.488724,35906121
2024-02-20,61.166664,61.226665,59.0,59.673332,58.036354,34007208
2024-02-21,59.033333,61.866665,58.886665,61.0,59.326626,44307894
2024-02-22,60.966667,61.213333,60.419998,60.996666,59.323387,24271839
2024-02-23,60.996666,61.330002,60.276665,60.893333,59.222889,27352470
2024-02-26,62.0,63.376667,61.849998,62.0,60.299194,46638228
2024-02-27,62.483334,64.643333,62.400002,64.566666,62.795452,61902795
2024-02-28,65.333336,65.506668,62.666664,62.666664,60.947575,50487459
2024-02-29,62.336666,63.869999,62.063332,63.733334,61.984978,36708867
2024-03-01,63.633331,64.326668,62.923332,64.059998,62.302681,36647484
2024-03-04,63.333332,63.900002,62.700001,63.09,61.359295,38059530
2024-03-05,62.5,63.883331,61.833332,63.606667,61.861786,44887329
2024-03-06,63.333332,64.326668,63.0,63.883331,62.130863,30030120
2024-03-07,64.019997,64.653336,62.933334,62.963333,61.236103,30398064
2024-03-08,62.766666,63.383331,62.416664,62.696667,60.976753,20144904
2024-03-11,62.666664,66.633331,62.666664,66.246666,64.429367,83424138
2024-03-12,67.0,68.886665,65.923332,68.366669,66.491211,73508676
2024-03-13,68.973335,70.133331,68.610001,68.786667,66.899681,53343873
2024-03-14,69.473335,71.786667,69.473335,70.693336,68.754051,63405657
2024-03-15,70.0,70.459999,68.726669,69.823334,67.907921,43988406
2024-03-18,70.616669,72.75,70.536667,72.676666,70.682976,59094546
2024-03-19,72.676666,73.283333,71.463333,72.266663,70.284218,44091804
2024-03-20,72.336662,73.59333,72.336662,72.826668,70.828865,29041569
2024-03-21,72.973335,73.266663,72.333336,72.98333,70.981224,26600127
2024-03-22,72.98333,72.989998,71.73333,72.316666,70.332855,31401483
2024-03-25,72.123337,72.596664,70.949997,71.400002,69.441338,29732820
2024-03-26,72.0,73.330002,71.756668,73.199997,71.191956,39403881
2024-03-27,73.203331,73.23333,70.003334,70.660004,68.721634,56654694
2024-03-28,69.949997,70.613335,68.669998,69.459999,67.55455,47830593
2024-03-29,69.476669,69.506668,67.059998,67.686668,65.829865,30703482
2024-04-01,67.686668,70.993332,67.686668,70.669998,68.731361,42872781
2024-04-02,70.669998,72.433334,70.599998,70.779999,68.838341,32275437
2024-04-03,70.166664,70.370003,69.183334,69.386665,67.483231,25090137
2024-04-08,69.0,71.666664,68.796669,70.666664,68.728111,38468154
2024-04-09,70.583336,71.66333,70.449997,70.693336,68.754051,25262538
2024-04-10,71.433334,71.5,70.0,70.613335,68.676247,21723255
2024-04-11,69.666664,71.813332,69.266663,70.993332,69.045822,30256185
2024-04-12,70.666664,72.396667,69.846664,70.199997,68.274246,34475367
2024-04-15,70.0,71.833336,69.696663,71.206665,69.253304,33999576
2024-04-16,70.800003,71.783333,70.236664,70.543335,68.60817,29496912
2024-04-17,70.333336,71.059998,69.866669,71.0,69.052299,29076486
2024-04-18,70.666664,72.166664,69.800003,71.199997,69.246811,40199268
2024-04-19,70.730003,70.956665,69.019997,70.043335,68.121887,33531129
2024-04-22,70.0,70.510002,69.366669,69.519997,67.612907,19408434
2024-04-23,69.516663,69.519997,67.996666,68.346664,66.471748,26189982
2024-04-24,68.963333,69.599998,68.166664,69.139999,67.243324,22493676
2024-04-25,69.133331,70.503334,68.873337,69.646667,67.736099,28405152
2024-04-26,70.0,73.253334,70.0,73.123337,71.117393,76036134
2024-04-29,73.693336,75.133331,72.910004,73.793335,71.769012,57502779
2024-04-30,74.5,74.793335,72.833336,72.833336,70.835342,34667898
2024-05-06,75.0,76.129997,74.5,75.433334,73.364029,56033661
2024-05-07,75.433334,77.330002,74.68,76.626663,74.524612,43257144
2024-05-08,76.18,76.293335,75.333336,75.410004,73.341331,27339534
2024-05-09,75.433334,76.133331,75.383331,76.050003,73.963776,23702205
2024-05-10,75.666664,76.506668,75.333336,75.933334,73.850311,24183990
2024-05-13,75.066666,75.786667,74.193336,75.23333,73.169502,24744348
2024-05-14,75.236664,75.856667,74.703331,74.970001,72.913399,18785559
2024-05-15,74.833336,75.333336,72.766663,73.046669,71.042831,29920053
2024-05-16,73.050003,73.32,72.203331,72.769997,70.773743,26147166
2024-05-17,73.129997,73.443336,72.553329,73.196663,71.188713,21445998
2024-05-20,72.826668,74.666664,72.826668,74.290001,72.252052,22787571
2024-05-21,73.993332,73.996666,72.473335,72.926666,70.926117,25224129
2024-05-22,72.730003,73.166664,71.720001,72.306664,70.32312,26519451
2024-05-23,71.949997,71.949997,71.169998,71.650002,69.684471,18686169
2024-05-24,71.326668,71.333336,69.599998,69.766663,67.852798,30862656
2024-05-27,70.0,70.266663,68.866669,69.449997,67.544823,22813653
2024-05-28,69.599998,69.636665,68.860001,69.126663,67.230354,18283938
2024-05-29,70.333336,75.333336,70.330002,74.900002,72.845322,90794331
2024-05-30,74.806664,76.459999,74.633331,75.953331,73.869751,67137543
2024-05-31,76.266663,77.199997,75.66333,76.339996,74.245804,55628952
2024-06-03,76.336662,80.160004,75.330002,79.033333,76.865257,81043767
2024-06-04,78.966667,79.933334,78.650002,79.383331,77.205666,47228748
2024-06-05,79.493332,82.099998,79.493332,80.263336,78.061523,58330185
2024-06-06,80.400002,81.266663,79.166664,79.5,77.319122,52759626
2024-06-07,79.676666,80.463333,77.376663,78.5,76.346558,54778194
2024-06-11,78.209999,82.0,78.110001,81.543335,79.306412,66479079
2024-06-12,80.543335,82.516663,80.543335,80.966667,78.74556,56199591
2024-06-13,82.933334,86.09333,82.703331,84.330002,82.016632,87755784
2024-06-14,83.826668,84.643333,82.176666,84.349998,82.036079,60782928
2024-06-17,84.0,86.623337,83.623337,85.736664,83.384712,62594640
2024-06-18,85.199997,85.766663,84.333336,85.213333,82.875725,38636733
2024-06-19,85.333336,86.0,84.470001,84.666664,82.344055,29732433
2024-06-20,84.293335,84.589996,83.099998,83.833336,81.533592,34859982
2024-06-21,83.996666,84.790001,82.603333,83.556664,81.264511,34899036
2024-06-24,83.333336,84.660004,82.59333,83.313332,81.027847,32526906
2024-06-25,84.0,86.246666,83.453331,84.669998,82.347298,58723929
2024-06-26,84.0,84.766663,83.126663,84.239998,81.9291,33575028
2024-06-27,83.673332,84.120003,82.806664,83.166664,80.885208,24873252
2024-06-28,82.666664,84.043335,82.293335,83.416664,81.128342,27894621
2024-07-01,83.416664,83.949997,80.833336,82.266663,80.009895,38781996
2024-07-02,82.290001,82.566666,81.016663,81.323334,79.092445,30788211
2024-07-03,81.32,81.793335,80.0,81.033333,78.810394,28972209
2024-07-04,81.666664,83.230003,81.5,81.543335,79.306412,29758902
2024-07-05,81.056664,81.5,79.626663,80.676666,78.463509,28699434
2024-07-08,80.599998,82.739998,80.393333,81.66333,79.423111,31612398
2024-07-09,81.73333,84.503334,80.503334,84.199997,81.890198,42228765
2024-07-10,84.16333,85.510002,83.833336,84.166664,81.857773,32784768
2024-07-11,85.0,85.419998,83.893333,84.353333,82.03933,30107835
2024-07-12,84.506668,88.0,83.963333,87.540001,85.138573,56658966
2024-07-15,87.433334,88.266663,86.870003,87.236664,84.843559,29614656
2024-07-16,86.870003,87.400002,85.449997,86.330002,83.961769,35276304
2024-07-17,86.333336,87.173332,85.540001,86.503334,84.130356,31557513
2024-07-18,85.966667,87.633331,85.836662,87.143333,84.752785,28596612
2024-07-19,86.833336,88.666664,86.580002,88.019997,85.605392,40864137
2024-07-22,88.033333,90.033333,88.033333,88.536667,86.107895,30224865
2024-07-23,88.330002,88.470001,84.333336,84.410004,82.094444,50223147
2024-07-24,84.410004,85.050003,82.830002,83.330002,81.04406,35592015
2024-07-25,83.323334,84.846664,82.5,83.463333,81.173737,30331260
2024-07-26,84.323334,85.876663,83.716667,84.98333,82.652039,37452495
2024-07-29,84.309998,84.333336,82.193336,83.033333,81.748825,23657796
2024-07-30,82.529999,82.599998,80.540001,81.303329,80.045586,33118017
2024-07-31,80.870003,82.673332,80.856667,82.349998,81.076065,26247009
2024-08-01,82.666664,82.91333,80.0,81.400002,80.140755,31090464
2024-08-02,80.66333,80.753334,78.199997,78.260002,77.049339,43701351
2024-08-05,76.946663,78.889999,76.669998,77.059998,75.867897,31580505
2024-08-06,78.0,78.206665,75.326668,76.313332,75.132782,38730453
2024-08-07,76.346664,77.0,75.489998,76.316666,75.136063,24606558
2024-08-08,75.933334,75.933334,74.5,75.48333,74.315613,25607223
2024-08-09,76.019997,78.626663,76.013336,77.206665,76.012299,35955654
2024-08-12,77.336662,77.830002,76.5,76.800003,75.611923,16133703
2024-08-13,76.786667,76.796669,75.333336,76.243332,75.063866,18130950
2024-08-14,76.199997,76.199997,75.066666,75.533333,74.364845,16898955
2024-08-15,75.523331,77.5,74.959999,77.16333,75.969635,26563614
2024-08-16,77.370003,79.440002,76.833336,78.370003,77.157639,30665574
2024-08-19,78.416664,79.660004,78.336662,78.473335,77.259369,21054726
2024-08-20,78.666664,79.110001,77.809998,78.826668,77.607239,18745266
2024-08-21,78.220001,81.043335,77.333336,80.333336,79.090599,33313014
2024-08-22,80.333336,80.923332,79.873337,80.173332,78.933067,18746535
2024-08-23,79.933334,80.433334,79.383331,79.779999,78.545815,14935806
2024-08-26,79.833336,81.0,79.236664,79.803329,78.568787,16954026
2024-08-27,79.169998,80.426666,78.833336,80.266663,79.024956,15277938
2024-08-28,80.089996,80.09333,77.599998,78.949997,77.728653,26712210
2024-08-29,77.776665,78.833336,77.099998,78.283333,77.072311,23815461
2024-08-30,79.326668,83.93,79.086662,83.139999,81.853844,57908376
2024-09-02,82.673332,83.473335,80.333336,80.366669,79.123421,30340446
2024-09-03,80.133331,82.48333,80.133331,82.360001,81.085915,30545970
2024-09-04,81.833336,83.966667,81.813332,83.440002,82.1492,30181788
2024-09-05,83.333336,85.199997,83.199997,84.283333,82.979492,30037665
2024-09-06,84.286667,85.033333,83.806664,83.866669,82.569267,23442456
2024-09-09,83.160004,84.653336,82.860001,83.326668,82.037628,21255378
2024-09-10,83.333336,84.266663,82.873337,83.216667,81.929329,18374487
2024-09-11,83.333336,86.866669,83.146667,86.033333,84.702415,46608444
2024-09-12,86.23333,86.666664,85.666664,85.669998,84.344704,23175324
2024-09-13,85.73333,86.0,84.949997,84.996666,83.681786,17097483
2024-09-18,85.006668,86.443336,84.699997,86.143333,84.810715,20045943
2024-09-19,86.336662,86.459999,84.433334,85.120003,83.803215,27312969
2024-09-20,85.126663,86.266663,84.293335,85.366669,84.046059,26969379
2024-09-23,85.316666,85.653336,82.93,83.333336,82.044189,32274819
2024-09-24,84.333336,85.166664,82.253334,84.763336,83.452065,46948362
2024-09-25,86.0,89.886665,85.886665,87.599998,86.24485,61713102
2024-09-26,88.0,89.900002,87.366669,89.870003,88.479736,44719923
2024-09-27,91.0,97.330002,90.5,94.66333,93.198906,92976720
2024-09-30,96.666664,102.693336,96.666664,102.436668,100.851997,116641377
2024-10-08,112.68,112.68,102.436668,109.126663,107.438499,133031817
2024-10-09,105.0,106.903336,100.166664,101.896667,100.320351,97775574
2024-10-10,103.333336,107.333336,103.326668,105.296669,103.667755,75050061
2024-10-11,104.673332,104.673332,98.669998,100.016663,98.469429,55925547
2024-10-14,100.330002,103.326668,100.066666,102.333336,100.750259,51709446
2024-10-15,101.833336,102.793335,99.333336,99.333336,97.796669,36644706
2024-10-16,97.666664,98.660004,95.666664,96.596664,95.102333,45096561
2024-10-17,97.503334,99.283333,96.373337,96.473335,94.980919,30736962
2024-10-18,96.48333,102.066666,96.026665,100.099998,98.551476,57327726
2024-10-21,101.0,102.866669,100.300003,102.150002,100.569771,47344806
2024-10-22,101.666664,103.373337,101.0,101.583336,100.011864,31119798
2024-10-23,101.583336,103.933334,100.893333,102.959999,101.367233,38008500
2024-10-24,102.959999,103.323334,100.860001,101.226669,99.660721,29065542
2024-10-25,101.333336,103.933334,101.333336,102.713333,101.124382,41946111
2024-10-28,103.0,103.0,100.583336,101.699997,100.126717,32797317
2024-10-29,103.0,103.426666,101.266663,101.800003,100.225182,35563683
2024-10-30,101.0,102.503334,100.5,101.849998,100.274399,32534460
2024-10-31,100.669998,100.996666,97.666664,97.730003,96.21814,72255597
2024-11-01,97.73333,98.533333,96.699997,96.769997,95.272987,42912258
2024-11-04,98.666664,102.973335,98.536667,102.326668,100.743698,65195667
2024-11-05,101.353333,102.813332,100.166664,102.5,100.914352,50345994
2024-11-06,102.666664,103.25,99.333336,100.120003,98.571167,55458360
2024-11-07,98.34333,100.626663,98.0,100.59333,99.037178,45202776
2024-11-08,102.373337,102.506668,99.0,99.300003,97.763855,50014716
2024-11-11,98.333336,99.823334,97.533333,99.763336,98.220024,54257790
2024-11-12,100.050003,103.333336,99.769997,100.269997,98.718842,73967238
2024-11-13,99.333336,100.443336,98.433334,100.190002,98.640083,43534737
2024-11-14,100.0,100.099998,98.0,98.25,96.730095,37374870
2024-11-15,98.263336,98.596664,96.006668,96.666664,95.171257,45970782
2024-11-18,96.669998,97.650002,95.553329,96.226669,94.738068,34861785
2024-11-19,96.226669,97.160004,94.006668,95.996666,94.51162,39584007
2024-11-20,96.003334,96.800003,95.166664,96.153336,94.665863,31805079
2024-11-21,96.15667,96.16333,94.666664,95.333336,93.858551,28659882
2024-11-22,95.166664,95.286667,92.666664,92.830002,91.393944,37542534
2024-11-25,94.333336,96.453331,93.629997,94.333336,92.874016,52359945
2024-11-26,93.333336,95.333336,92.626663,93.669998,92.220947,28561935
2024-11-27,93.09333,93.666664,92.333336,93.666664,92.217667,33000843
2024-11-28,93.73333,93.853333,91.0,91.526665,90.110764,47576766
2024-11-29,91.0,92.626663,90.683334,91.610001,90.192818,38401380
2024-12-02,92.203331,94.666664,91.360001,94.133331,92.677109,45407163
2024-12-03,94.933334,95.293335,93.526665,94.216667,92.759163,27434913
2024-12-04,93.779999,94.443336,92.933334,93.326668,91.882927,25503858
2024-12-05,92.396667,92.779999,91.436668,91.753334,90.333931,27080313
2024-12-06,91.889999,93.993332,91.336662,93.426666,91.981377,37409520
2024-12-09,93.076668,94.66333,92.559998,93.496666,92.050293,27645804
2024-12-10,97.666664,98.0,94.0,94.183334,92.726341,52778745
2024-12-11,94.010002,94.623337,93.133331,93.589996,92.142181,28007964
2024-12-12,93.366669,94.559998,92.800003,94.559998,93.097176,30040185
2024-12-13,93.776665,93.873337,92.139999,92.169998,90.744148,33707589
2024-12-16,92.173332,92.726669,91.193336,91.650002,90.232201,21447078
2024-12-17,91.639999,95.220001,91.326668,94.266663,92.808372,52704621
2024-12-18,94.416664,95.626663,94.209999,94.883331,93.415504,25231914
2024-12-19,93.936668,95.646667,93.333336,95.133331,93.661644,26018556
2024-12-20,95.003334,95.583336,93.400002,93.400002,91.955124,29012133
2024-12-23,93.5,94.43,92.959999,93.566666,92.119209,24454788
2024-12-24,93.296669,96.169998,93.043335,96.139999,94.652733,42686214
2024-12-25,96.243332,97.120003,95.23333,95.306664,93.832291,25017309
2024-12-26,95.306664,95.599998,94.666664,94.953331,93.484421,20281365
2024-12-27,95.599998,95.849998,94.333336,95.426666,93.950432,23604957
2024-12-30,95.73333,96.5,94.443336,94.996666,93.527092,24884043
2024-12-31,95.0,95.5,94.0,94.220001,92.762436,23285928
2025-01-02,94.333336,94.360001,89.806664,90.366669,88.968712,50635212
2025-01-03,90.5,91.529999,89.41333,90.243332,88.84729,29809428
2025-01-06,90.646667,91.296669,89.676666,90.426666,89.027786,24734049
2025-01-07,90.426666,92.576668,89.166664,91.34333,89.930275,28716654
2025-01-08,90.996666,91.330002,88.603333,89.726669,88.338623,32724741
2025-01-09,89.666664,90.566666,88.886665,89.796669,88.407532,19683864
2025-01-10,89.666664,90.129997,88.260002,88.673332,87.301582,24164463
2025-01-13,87.666664,89.489998,87.403336,88.666664,87.295013,20164125
2025-01-14,88.779999,92.383331,88.669998,92.099998,90.675232,37736919
2025-01-15,92.066666,92.436668,91.5,91.563332,90.146873,18700749
2025-01-16,91.586662,91.783333,90.176666,90.919998,89.513489,21771525
2025-01-17,91.173332,93.066666,90.826668,92.199997,90.773689,25842459
2025-01-20,93.0,95.476669,92.973335,94.809998,93.343315,40739127
2025-01-21,95.0,95.809998,94.333336,95.349998,93.874954,22932432
2025-01-22,95.0,95.433334,93.266663,94.166664,92.70993,24317067
2025-01-23,94.993332,95.0,92.333336,92.370003,90.941063,28852176
2025-01-24,92.169998,93.5,92.0,93.026665,91.587563,20443101
2025-01-27,93.029999,93.373337,91.5,91.5,90.084518,19022304
2025-02-05,94.243332,95.583336,93.866669,94.266663,92.808372,43605270
2025-02-06,94.269997,103.693336,94.150002,103.693336,102.089226,114437604
2025-02-07,106.666664,110.0,104.666664,108.966667,107.280983,146122578
2025-02-10,108.970001,110.666664,107.193336,110.043335,108.340988,81813420
2025-02-11,113.099998,113.433334,108.669998,109.966667,108.265511,84109068
2025-02-12,109.166664,115.646667,107.550003,115.016663,113.237373,83807166
2025-02-13,113.73333,115.449997,113.166664,113.766663,112.006721,59951955
2025-02-14,113.839996,119.866669,113.839996,118.683334,116.847328,73093383
2025-02-17,118.683334,119.599998,114.833336,116.166664,114.369591,69604527
2025-02-18,117.133331,121.160004,116.279999,118.739998,116.903122,75539214
2025-02-19,117.839996,120.0,117.666664,119.5,117.65136,48575346
2025-02-20,121.160004,122.553329,119.400002,120.926666,119.055962,47081151
2025-02-21,122.0,128.833328,121.743332,127.666664,125.691689,71787735
2025-02-24,128.333328,129.553329,124.493332,125.426666,123.486343,59822241
2025-02-25,123.333336,126.666664,122.936668,124.16333,122.242554,48330756
2025-02-26,124.16333,125.266663,121.666664,124.033333,122.114563,41558688
2025-02-27,127.333336,127.996666,123.669998,125.166664,123.230362,50533842
2025-02-28,123.699997,124.923332,119.669998,120.606667,118.740906,71791287
2025-03-03,123.0,123.333336,119.263336,120.07,118.212547,45623466
2025-03-04,113.34333,116.0,112.676666,114.946663,113.168465,79035990
2025-03-05,115.666664,118.396667,115.666664,117.986664,116.161438,41720658
2025-03-06,120.059998,120.723335,119.0,119.643333,117.792473,34380297
2025-03-07,119.633331,120.333336,118.41333,118.800003,116.962196,26275239
2025-03-10,118.633331,119.129997,116.333336,117.0,115.190033,29752980
2025-03-11,115.0,117.256668,114.959999,116.793335,114.986565,28610991
2025-03-12,118.150002,119.959999,117.0,117.0,115.190033,38853168
2025-03-13,117.290001,119.120003,117.043335,118.166664,116.338654,30663255
2025-03-14,119.0,125.726669,118.540001,125.313332,123.374763,67409154
2025-03-17,127.440002,127.666664,125.32,126.75,124.789207,39920661
2025-03-18,129.516663,130.0,126.669998,128.190002,126.206932,52001634
2025-03-19,128.176666,133.0,127.513336,132.356659,130.309143,56505450
2025-03-20,133.333328,134.46666,131.996674,133.330002,131.26741,47823852
2025-03-21,131.003326,131.103333,123.333336,124.0,122.081749,84632028
2025-03-24,125.666664,126.166664,122.620003,125.120003,123.184418,44368215
2025-03-25,125.993332,126.533333,122.993332,123.196663,121.29084,36925608
2025-03-26,123.196663,126.333336,122.666664,125.336662,123.397736,36061452
2025-03-27,125.366669,130.426666,125.363335,128.833328,126.840309,43318311
2025-03-28,128.833328,130.266663,127.166664,127.5,125.527603,34481946
2025-03-31,126.666664,127.760002,124.666664,124.966667,123.033455,34735173
2025-04-01,125.923332,125.956665,121.453331,121.833336,119.948601,46221597
2025-04-02,121.666664,121.889999,119.626663,120.166664,118.307709,35130123
2025-04-03,118.5,120.510002,118.086662,119.169998,117.326462,30306966
2025-04-07,111.113335,112.566666,107.253334,107.253334,105.594154,82049520
2025-04-08,107.253334,111.959999,106.0,109.169998,107.481163,82393053
2025-04-09,106.599998,109.333336,104.553329,108.199997,106.526169,63581568
2025-04-10,111.5,115.686668,111.333336,112.133331,110.398651,63268734
2025-04-11,112.333336,119.183334,112.133331,118.326668,116.496178,56983479
2025-04-14,121.066666,121.23333,118.533333,119.666664,117.815445,42620751
2025-04-15,121.533333,121.666664,119.110001,119.989998,118.133781,34954671
2025-04-16,118.873337,119.0,116.033333,117.383331,115.567436,39548379
2025-04-17,116.646667,117.816666,115.556664,116.559998,114.756844,25586592
2025-04-18,115.966667,115.966667,114.666664,115.333336,113.549156,22158039
2025-04-21,115.333336,116.623337,115.080002,116.253334,114.454918,22486023
2025-04-22,116.253334,118.976669,115.59333,118.279999,116.450233,33636618
2025-04-23,125.666664,126.0,122.410004,123.996666,122.078468,74378067
2025-04-24,124.160004,124.866669,121.116669,122.0,120.112686,45267633
2025-04-25,123.333336,125.099998,122.699997,123.610001,121.697777,40160826
2025-04-28,122.376663,122.376663,118.853333,120.0,118.143623,53934960
2025-04-29,119.699997,120.209999,117.666664,118.333336,116.502747,35694921
2025-04-30,118.300003,118.309998,116.433334,117.696663,115.875923,39143841
2025-05-06,120.0,120.766663,118.639999,119.986664,118.130501,44488059
2025-05-07,121.666664,121.893333,119.379997,119.73333,117.881081,32651970
2025-05-08,118.839996,120.660004,118.566666,119.760002,117.907341,25014507
2025-05-09,120.25,122.0,119.766663,121.073334,119.200356,43117848
2025-05-12,121.666664,123.426666,120.193336,123.426666,121.517288,48411051
2025-05-13,125.333336,125.526665,122.010002,122.166664,120.276772,39531321
2025-05-14,122.166664,124.366669,121.120003,124.366669,122.442749,40707921
2025-05-15,124.333336,128.333328,123.09333,125.599998,123.656998,62640411
2025-05-16,125.010002,130.330002,124.526665,129.723328,127.716545,68798382
2025-05-19,129.333328,129.333328,125.666664,127.603333,125.629333,48411843
2025-05-20,127.833336,131.600006,127.166664,131.600006,129.564178,51629973
2025-05-21,131.313339,134.666672,130.33667,133.333328,131.270691,59843658
2025-05-22,133.32666,135.186661,132.666672,132.933334,130.876892,43908840
2025-05-23,138.683334,138.703339,134.883331,135.0,132.911591,70672254
2025-05-26,133.936661,134.333328,126.666664,127.0,125.035339,92865189
2025-05-27,125.293335,127.0,122.959999,124.136665,122.216293,69082632
2025-05-28,124.136665,124.316666,120.690002,120.959999,119.088776,53326164
2025-05-29,119.863335,122.0,118.360001,120.376663,118.514465,57618339
2025-05-30,119.006668,119.599998,117.099998,117.433334,115.616669,57167973
2025-06-03,117.083336,119.330002,116.333336,118.666664,116.830917,54567810
2025-06-04,119.833336,121.440002,119.383331,120.173332,118.314278,44071230
2025-06-05,120.796669,120.91333,118.676666,120.25,118.389763,32583825
2025-06-06,120.333336,120.793335,119.166664,119.986664,118.130501,26909304
2025-06-09,118.706665,118.803329,115.036667,116.046669,114.25145,76527402
2025-06-10,116.533333,118.333336,116.076668,117.709999,115.889053,51535764
2025-06-11,118.003334,121.993332,118.003334,120.66333,118.7967,60932022
2025-06-12,119.963333,119.963333,117.669998,117.746666,115.925156,43214088
2025-06-13,116.5,116.636665,113.830002,115.333336,113.549156,63071961
2025-06-16,115.330002,115.68,113.599998,114.809998,113.033913,30685215
2025-06-17,114.666664,115.466667,114.133331,114.580002,112.807472,21013590
2025-06-18,114.273331,116.400002,113.989998,115.650002,113.860924,30869091
2025-06-19,114.676666,115.096664,113.449997,113.5,111.744186,30114363
2025-06-20,113.34333,114.323334,113.266663,113.416664,111.662132,22061448
2025-06-23,112.283333,113.236664,111.199997,112.73333,110.989372,28378002
2025-06-24,113.743332,115.400002,113.743332,114.459999,112.689331,43413777
2025-06-25,115.330002,116.576668,114.339996,116.423332,114.622284,37721481
2025-06-26,114.769997,114.769997,112.276665,112.480003,110.73996,61479642
2025-06-27,111.333336,112.239998,111.146667,111.41333,109.689789,41585247
2025-06-30,111.41333,111.41333,109.529999,110.636665,108.92514,43201032
2025-07-01,110.099998,111.116669,109.596664,110.446663,108.738075,26555412
2025-07-02,110.666664,111.286667,109.643333,110.220001,108.514923,27981033
2025-07-03,110.326668,111.75,110.223335,111.519997,109.794807,37049343
2025-07-04,110.849998,111.66333,109.923332,110.333336,108.626503,31231065
2025-07-07,109.73333,110.16333,109.480003,109.529999,107.835594,26462316
2025-07-08,109.0,109.926666,108.573334,108.959999,107.274414,35075442
2025-07-09,108.966667,109.403336,108.59333,108.599998,106.919975,36489933
2025-07-10,108.603333,108.696663,106.283333,107.076668,105.420219,63006618
2025-07-11,106.633331,108.949997,106.339996,107.970001,106.299728,50480949
2025-07-14,107.970001,107.970001,105.853333,106.16333,104.521004,51692742
2025-07-15,106.066666,108.333336,106.0,107.683334,106.017494,48837282
2025-07-16,107.686668,108.636665,107.686668,107.90667,106.237381,33227505
2025-07-17,108.333336,109.573334,108.033333,109.339996,107.648537,47067405
2025-07-18,109.709999,109.833336,108.416664,109.703331,108.006248,41059947
2025-07-21,109.330002,111.373337,109.086662,111.373337,109.650421,46183509
2025-07-22,111.666664,114.003334,111.07,113.896667,112.134712,64249251
2025-07-23,114.029999,114.333336,112.333336,112.690002,110.946716,47672205
2025-07-24,112.693336,115.513336,112.543335,114.239998,112.472733,56718981
2025-07-25,113.666664,113.800003,111.666664,112.643333,110.900764,47112228
2025-07-28,112.643333,113.033333,111.84333,112.333336,110.595566,35117010
2025-07-29,112.010002,112.5,109.769997,111.419998,111.005356,38735984
2025-07-30,108.050003,111.160004,107.120003,108.699997,108.295479,52483427
2025-07-31,108.199997,108.199997,105.0,105.239998,104.848358,59949943
2025-08-01,104.949997,106.239998,104.360001,105.800003,105.406281,36233692
2025-08-04,104.0,105.139999,102.57,104.879997,104.489693,41293694
2025-08-05,104.879997,105.209999,103.779999,104.860001,104.469772,33834986
2025-08-06,104.860001,105.0,103.900002,104.349998,103.96167,30561960
2025-08-07,104.269997,106.43,104.160004,105.330002,104.938026,42876298
2025-08-08,105.0,105.029999,103.910004,103.93,103.543236,32661461
2025-08-11,103.879997,105.660004,103.230003,105.519997,105.127312,35669790
2025-08-12,105.400002,106.43,104.699997,105.669998,105.276756,31219504
2025-08-13,106.290001,107.650002,105.839996,106.830002,106.432442,45983014
2025-08-14,107.370003,107.5,105.790001,106.370003,105.974159,41954793
2025-08-15,105.849998,106.639999,105.32,106.07,105.67527,36135346
2025-08-18,105.660004,109.489998,105.660004,108.370003,107.966713,61925173
2025-08-19,108.669998,108.919998,107.18,107.629997,107.229462,38973519
2025-08-20,107.18,108.260002,106.010002,108.25,107.84716,38505345
2025-08-21,107.800003,108.830002,107.0,107.099998,106.701431,44946378
2025-08-22,107.110001,110.970001,107.110001,110.660004,110.248192,76312005
2025-08-25,111.309998,112.489998,110.309998,111.610001,111.194656,61162758
2025-08-26,111.75,114.690002,110.709999,113.75,113.326691,69291585
2025-08-27,113.959999,114.059998,110.660004,110.68,110.268112,68974693
2025-08-28,109.389999,110.190002,107.110001,109.32,108.913177,76252199
2025-08-29,108.879997,116.589996,108.120003,114.059998,113.635536,114490194
2025-09-01,108.5,111.480003,108.5,109.699997,109.291756,132986738
2025-09-02,108.790001,111.099998,108.599998,110.019997,109.610565,77322410
2025-09-03,110.5,110.730003,107.010002,107.209999,106.811028,73522327
2025-09-04,106.589996,107.089996,103.709999,104.0,103.612976,81574074
2025-09-05,103.860001,107.5,103.110001,107.260002,106.86084,78752385
2025-09-08,106.150002,107.129997,105.510002,106.25,105.854599,55592345
2025-09-09,106.0,107.199997,105.269997,105.489998,105.097427,38163622
2025-09-10,105.519997,106.449997,105.019997,105.199997,104.808502,32236895
2025-09-11,105.25,106.599998,104.889999,106.589996,106.193329,53778149
2025-09-12,106.599998,107.580002,105.900002,105.910004,105.515869,45591018
2025-09-15,106.0,110.849998,106.0,108.699997,108.295479,97480407
2025-09-16,109.0,109.0,107.220001,107.800003,107.398834,53316021
2025-09-17,108.199997,112.0,108.199997,110.989998,110.576958,98123971
2025-09-18,110.989998,112.800003,108.559998,109.709999,109.30172,93401380
2025-09-19,109.800003,110.800003,109.0,109.089996,108.684029,47297748
2025-09-22,108.870003,108.910004,107.150002,107.989998,107.58812,49155923
2025-09-23,107.449997,107.690002,104.639999,105.599998,105.207016,65096262
2025-09-24,105.0,105.830002,104.0,105.709999,105.316605,54816227
2025-09-25,105.339996,108.800003,104.870003,107.5,107.099945,69348204
2025-09-26,107.449997,111.230003,107.0,107.290001,106.890732,75661207
2025-09-29,107.0,109.139999,106.389999,108.610001,108.205818,61398368
2025-09-30,108.190002,109.980003,107.760002,109.209999,108.803581,56775550
2025-10-09,108.669998,112.480003,108.07,110.599998,110.188408,100872197
2025-10-10,110.550003,110.550003,107.580002,107.790001,107.38887,59010253
2025-10-13,105.0,105.980003,104.099998,105.690002,105.296684,74442980
2025-10-14,106.68,109.360001,105.620003,105.989998,105.595566,76778627
2025-10-15,106.449997,107.510002,105.5,107.099998,106.701431,47579133
2025-10-16,107.0,109.300003,106.510002,106.959999,106.561958,52309638
2025-10-17,106.599998,106.629997,104.260002,104.43,104.041374,62572494
2025-10-20,105.220001,105.629997,104.080002,104.519997,104.131035,35561452
2025-10-21,104.690002,105.07,104.239998,104.760002,104.370148,29907419
2025-10-22,104.099998,104.32,103.370003,103.779999,103.393791,35787419
2025-10-23,103.300003,103.730003,102.0,103.690002,103.304131,37860342
2025-10-24,103.980003,104.370003,103.610001,103.760002,103.373871,30554268
2025-10-27,104.0,104.970001,103.879997,104.010002,103.62294,34598784
2025-10-28,104.019997,104.32,103.5,103.720001,103.334015,26541583
2025-10-29,103.730003,105.18,103.0,104.519997,104.131035,39734040
2025-10-30,104.0,104.860001,103.5,103.610001,103.224426,35898945
2025-10-31,101.0,101.32,100.0,100.790001,100.414917,63705259
2025-11-03,100.790001,100.989998,98.5,99.599998,99.229347,55167021
2025-11-04,99.0,99.540001,97.709999,97.800003,97.43605,43501704
2025-11-05,96.660004,96.660004,94.730003,95.800003,95.443489,58721510
2025-11-06,95.580002,97.75,95.400002,97.519997,97.157082,40200367
2025-11-07,97.0,98.150002,96.830002,97.199997,96.838272,32256073
2025-11-10,97.349998,100.349998,97.349998,99.389999,99.020126,55487690
2025-11-11,99.5,99.779999,98.139999,98.709999,98.342659,31985788
2025-11-12,98.800003,98.989998,97.540001,97.769997,97.406151,26064335
2025-11-13,97.010002,100.5,97.010002,99.830002,99.458496,57999022
2025-11-14,99.0,100.5,98.330002,98.370003,98.003929,34298466
2025-11-17,97.800003,98.589996,97.25,98.080002,97.715004,20724759
2025-11-18,97.540001,97.849998,96.019997,96.489998,96.13092,30475645
2025-11-19,96.400002,96.660004,95.010002,95.169998,94.815834,34829235
2025-11-20,95.169998,95.5,93.5,93.610001,93.261642,39181087
2025-11-21,92.489998,94.389999,91.699997,92.699997,92.355019,45171313
2025-11-24,93.099998,94.410004,92.199997,93.93,93.580444,32730213
2025-11-25,94.0,95.379997,93.699997,93.910004,93.560524,27748887
2025-11-26,94.75,95.440002,94.449997,95.089996,94.73613,30657697
2025-11-27,94.599998,95.160004,94.220001,94.290001,93.93911,20227996
2025-11-28,94.599998,95.230003,94.199997,95.169998,94.815834,21935062
2025-12-01,95.389999,96.300003,95.139999,95.769997,95.413597,23371272
2025-12-02,96.419998,97.800003,96.25,96.620003,96.260437,35921746
2025-12-03,96.639999,96.650002,94.889999,95.050003,94.696281,23157284
2025-12-04,94.919998,95.290001,94.199997,95.239998,94.885567,16614164
2025-12-05,95.290001,96.220001,94.709999,95.980003,95.622826,21161847
2025-12-08,96.209999,97.150002,96.209999,96.529999,96.170769,24780498
2025-12-09,96.209999,96.660004,95.699997,96.029999,95.67263,16322702
2025-12-10,95.599998,96.650002,94.900002,96.470001,96.110992,19840224
2025-12-11,96.980003,97.120003,95.849998,96.230003,95.871895,25090767
2025-12-12,96.199997,97.699997,95.650002,97.0,96.639023,55462088
2025-12-15,96.550003,97.160004,95.529999,95.529999,95.174492,29330099
2025-12-16,95.5,95.699997,94.139999,94.25,93.899254,25876771
2025-12-17,94.5,95.699997,93.68,95.209999,94.855682,27282500
2025-12-18,94.389999,94.599998,93.5,93.529999,93.181938,25279734
2025-12-19,94.0,95.269997,93.730003,94.230003,93.879333,27206794
2025-12-22,94.699997,95.360001,94.25,94.370003,94.018814,20623482
2025-12-23,94.5,95.5,94.5,94.809998,94.457169,23661741
2025-12-24,94.800003,94.800003,94.050003,94.419998,94.068619,19280995
2025-12-25,94.43,95.230003,94.120003,94.839996,94.487061,18220163
2025-12-26,95.279999,101.449997,95.25,100.010002,99.637825,102095895
2025-12-29,100.5,101.300003,99.599998,100.209999,99.837074,51916696
2025-12-30,99.260002,100.150002,98.739998,99.75,99.378792,31875638
2025-12-31,99.980003,100.199997,97.379997,97.720001,97.356346,40285887
2026-01-05,98.400002,99.480003,97.900002,98.110001,97.744896,38262521
2026-01-06,98.220001,100.5,98.120003,99.989998,99.617897,52178486
2026-01-07,99.959999,99.959999,97.059998,97.599998,97.236786,56084881
2026-01-08,97.199997,97.199997,96.330002,96.879997,96.51947,30065475
2026-01-09,97.050003,97.949997,96.900002,97.010002,96.648987,35034058
2026-01-12,97.010002,98.0,96.300003,97.470001,97.107277,42525719
2026-01-13,99.0,99.599998,96.879997,97.190002,96.828316,49872272
2026-01-14,96.809998,97.739998,95.510002,96.099998,95.742371,51474973
2026-01-15,96.080002,96.639999,95.599998,95.669998,95.313972,29563546
2026-01-16,96.699997,97.440002,95.599998,95.860001,95.503265,38458802
2026-01-19,96.809998,97.300003,95.769997,96.190002,95.832039,33492715
2026-01-20,96.220001,96.260002,94.68,94.739998,94.387428,38914947
2026-01-21,94.010002,94.940002,94.0,94.099998,93.749817,30833393
2026-01-22,94.720001,95.129997,93.889999,94.120003,93.769745,29101425
2026-01-23,94.239998,94.360001,93.510002,93.650002,93.301491,38330272
2026-01-26,93.650002,93.660004,92.5,92.629997,92.285286,37545961
2026-01-27,92.669998,92.989998,91.800003,91.809998,91.468338,36298092
2026-01-28,91.800003,93.5,90.010002,93.339996,92.992638,71556618
2026-01-29,92.660004,92.919998,91.610001,92.309998,91.966476,37182481
2026-01-30,92.269997,92.269997,90.699997,90.889999,90.551758,32917560
2026-02-02,88.0,89.089996,86.970001,87.050003,86.726051,64697385
2026-02-03,87.199997,87.400002,85.879997,87.370003,87.044861,37782685
2026-02-04,86.989998,89.330002,86.449997,89.139999,88.808273,37650471
2026-02-05,88.5,91.230003,88.330002,90.110001,89.774666,35424031
2026-02-06,89.389999,90.660004,89.0,89.82,89.485741,24708779
2026-02-09,90.5,90.650002,89.830002,90.059998,89.724846,20817951
2026-02-10,90.0,91.57,89.839996,90.809998,90.472054,26760481
2026-02-11,90.879997,92.949997,90.879997,92.279999,91.936584,39694959
2026-02-12,92.290001,92.349998,91.080002,91.160004,90.820763,23031332
2026-02-13,90.050003,91.089996,89.879997,90.269997,89.934067,21733887
2026-02-24,91.980003,91.989998,90.610001,90.870003,90.531837,20644458
2026-02-25,90.889999,92.790001,90.889999,91.449997,91.109673,32478010
2026-02-26,91.400002,91.400002,89.610001,89.849998,89.515633,29101894
2026-02-27,89.400002,89.940002,89.099998,89.32,88.987602,21934083
2026-03-02,88.0,97.25,87.720001,96.790001,96.429802,143513688
2026-03-03,96.389999,96.989998,93.989998,95.209999,94.855682,86574145
2026-03-04,95.199997,96.800003,93.699997,95.989998,95.632782,70096892
2026-03-05,96.800003,96.82,93.889999,94.470001,94.118439,55243997
2026-03-06,96.0,96.0,93.25,93.620003,93.271606,50354037
2026-03-09,93.620003,98.0,93.0,97.519997,97.157082,109340899
2026-03-10,97.18,97.489998,96.080002,96.599998,96.240509,50746243
2026-03-11,96.75,100.339996,95.669998,99.220001,98.850761,90374375
2026-03-12,99.230003,100.690002,98.699997,99.099998,98.731209,50252357
2026-03-13,100.089996,100.739998,99.360001,99.669998,99.299088,51976482
2026-03-16,99.669998,105.0,98.790001,104.620003,104.230667,108781426
2026-03-17,104.629997,106.660004,102.709999,102.870003,102.487183,84138860
2026-03-18,102.82,102.82,100.050003,101.690002,101.311569,61799648
2026-03-19,100.989998,103.879997,100.470001,102.309998,101.92926,53105939
2026-03-20,102.0,104.449997,101.559998,103.029999,102.646584,62878324
2026-03-23,103.870003,111.82,103.18,107.629997,107.229462,178244551
2026-03-24,108.400002,108.400002,104.93,106.639999,106.243149,92144617
2026-03-25,106.720001,107.660004,105.279999,106.599998,106.203293,66266489
2026-03-26,106.620003,107.68,102.699997,103.139999,102.756172,82812067
2026-03-27,103.989998,105.889999,102.75,105.300003,104.908134,65845464
2026-03-30,103.510002,108.0,103.25,106.050003,105.65535,72755723
2026-03-31,107.0,108.489998,105.099998,105.25,104.858322,58865901
2026-04-01,105.900002,106.5,102.370003,102.650002,102.267998,71519811
2026-04-02,102.489998,103.480003,100.5,101.650002,101.271721,60434947
2026-04-03,101.800003,102.300003,99.0,99.010002,98.641548,49174516
2026-04-07,99.5,99.769997,97.449997,97.980003,97.615379,37969746
2026-04-08,98.5,101.279999,98.110001,101.220001,100.843323,56281840
2026-04-09,100.209999,100.209999,98.809998,99.029999,98.661469,37906293
2026-04-10,99.389999,102.199997,99.029999,101.669998,101.291641,60573135
2026-04-13,101.57,104.989998,100.809998,104.25,103.862045,66313598
2026-04-14,103.0,104.190002,102.5,103.82,103.43364,54334283
2026-04-15,103.82,104.769997,102.5,103.029999,102.646584,42871917
2026-04-16,103.279999,105.970001,103.279999,105.540001,105.14724,64366146
2026-04-17,104.989998,105.459999,103.120003,103.779999,103.393791,44204763
2026-04-20,103.779999,103.949997,102.620003,102.910004,102.527031,38367696
2026-04-21,102.910004,103.190002,101.330002,101.529999,101.152161,43225769
2026-04-22,101.110001,102.379997,100.599998,101.620003,101.241829,34373337
2026-04-23,101.57,101.589996,99.010002,99.980003,99.607933,49216375
2026-04-24,99.910004,99.910004,98.699997,99.459999,99.089867,33773878
2026-04-27,100.0,104.0,99.879997,102.339996,101.959145,60167020
2026-04-28,101.849998,103.300003,101.339996,101.480003,101.102356,36155004
2026-04-29,101.470001,105.639999,101.0,105.400002,105.007767,105655781
2026-04-30,104.540001,105.449997,102.370003,102.980003,102.596771,60097853
2026-05-06,101.699997,101.889999,100.199997,100.75,100.375069,67048711
2026-05-07,101.050003,101.260002,100.010002,100.459999,100.086143,46884596
2026-05-08,100.470001,101.0,99.800003,100.019997,99.647781,38215750
2026-05-11,100.019997,100.730003,99.0,100.440002,100.066223,48281004
2026-05-12,99.970001,100.099998,99.099998,99.230003,98.860725,35344129
2026-05-13,99.230003,99.25,97.809998,98.599998,98.23307,45619352
2026-05-14,99.0,100.0,98.449997,98.730003,98.362587,33917988
2026-05-15,98.0,98.029999,96.260002,96.300003,95.941628,46621723
2026-05-18,95.339996,95.940002,94.300003,94.510002,94.158295,35461317
2026-05-19,94.510002,96.080002,93.800003,96.0,95.642746,29618439
2026-05-20,95.300003,95.489998,93.300003,93.360001,93.012566,41500993
2026-05-21,93.410004,96.199997,93.410004,93.510002,93.16201,37394974
2026-05-22,93.550003,94.190002,92.610001,93.75,93.401115,26859177
2026-05-25,95.0,97.209999,95.0,95.959999,95.60289,40599516
2026-05-26,95.800003,96.919998,94.510002,96.550003,96.190697,38652435
2026-05-27,96.0,97.269997,94.660004,95.220001,94.865646,36237356
2026-05-28,95.220001,95.989998,94.029999,95.879997,95.523186,31458976
2026-05-29,98.900002,99.5,96.129997,96.18,95.822075,60629393
2026-06-01,96.18,96.220001,93.599998,93.650002,93.301491,44598076
2026-06-02,96.0,96.879997,94.309998,96.760002,96.399918,55496417
2026-06-03,96.0,96.0,94.5,94.82,94.467133,37043374
2026-06-04,93.599998,94.389999,93.099998,93.440002,93.09227,31871174
2026-06-05,93.519997,94.0,92.300003,93.010002,92.663872,33996897
2026-06-08,91.0,92.019997,90.300003,91.190002,90.850647,31684395
2026-06-09,91.220001,91.919998,90.029999,91.889999,91.548035,28192695
2026-06-10,91.0,91.0,90.099998,90.309998,89.973915,24128660
2026-06-11,90.099998,90.800003,88.879997,89.800003,89.46582,31508734
2026-06-12,89.900002,91.779999,89.25,91.599998,91.259117,38535178
2026-06-15,91.610001,91.900002,90.400002,90.82,90.482018,31297908
2026-06-16,90.349998,90.5,89.5,89.639999,89.306412,33601868
2026-06-17,89.0,89.300003,87.0,87.470001,87.144485,49526711
2026-06-18,87.0,89.330002,86.080002,88.129997,87.802032,43578976
2026-06-22,87.0,87.900002,84.599998,87.589996,87.264038,63724220
2026-06-23,86.910004,88.32,84.75,85.0,84.683678,46621668
2026-06-24,84.5,84.699997,82.779999,83.300003,82.990005,45573530
2026-06-25,82.800003,83.809998,81.339996,82.199997,81.894096,55643208
2026-06-26,81.510002,81.800003,78.199997,78.199997,77.908981,66320802
2026-06-29,78.199997,80.949997,77.599998,79.639999,79.343628,52370729
2026-06-30,79.580002,80.550003,78.580002,79.699997,79.403397,38204309
2026-07-01,79.900002,81.650002,78.550003,80.660004,80.359833,50317661
2026-07-02,81.900002,85.669998,81.900002,83.57,83.259003,82504621
2026-07-03,83.730003,88.879997,83.599998,88.470001,88.14077,83898162
2026-07-06,88.519997,88.949997,86.610001,87.540001,87.214226,48582828
2026-07-07,87.660004,88.809998,85.870003,86.260002,85.938995,38946958
2026-07-08,86.010002,88.339996,85.279999,87.800003,87.473259,40380908
2026-07-09,86.5,87.769997,85.800003,86.870003,86.546722,37739280
2026-07-10,86.839996,90.830002,84.879997,90.0,89.66507,70933247
2026-07-13,89.0,89.0,86.779999,86.980003,86.656311,42458495
2026-07-14,86.889999,90.68,86.5,90.18,89.844406,54707491
2026-07-15,89.650002,93.480003,89.449997,91.760002,91.418526,51415427
2026-07-16,91.739998,94.760002,91.150002,94.139999,93.789665,60720397
2026-07-17,94.139999,95.949997,91.900002,93.470001,93.122162,68734582
2026-07-20,93.489998,95.279999,92.769997,93.919998,93.57048,43989030
2026-07-21,93.93,96.800003,93.349998,94.300003,93.949074,67159285
2026-07-22,92.629997,93.0,90.510002,91.57,91.229233,60354971
2026-07-23,90.769997,92.870003,90.010002,92.650002,92.305214,33801437
2026-07-24,91.529999,93.080002,91.309998,91.889999,91.548035,24303385
2026-07-27,92.32,93.199997,91.529999,92.400002,92.056145,26533222
2026-07-28,92.019997,94.610001,92.019997,93.349998,93.002602,36401500
2026-07-29,93.550003,96.269997,93.099998,94.849998,94.497025,51445729
2026-07-30,94.919998,96.660004,94.75,96.199997,95.841995,48036113
2026-07-31,93.720001,95.860001,93.129997,95.769997,95.769997,43613050
2026-08-03,96.029999,96.589996,94.099998,94.449997,94.449997,36389711
2026-08-04,94.449997,94.489998,90.800003,91.150002,91.150002,66771530
2026-08-05,91.080002,91.18,89.150002,90.82,90.82,51559762
2026-08-06,90.5,91.150002,89.230003,89.449997,89.449997,36737226
2026-08-07,89.769997,90.279999,88.550003,90.040001,90.040001,40701576
2026-08-10,90.040001,91.800003,89.400002,91.150002,91.150002,38573716
2026-08-11,91.18,91.660004,89.93,90.120003,90.120003,24222760
2026-08-12,91.18,91.139999,89.400002,90.410004,90.410004,20818762
